កករចិត្ត	កករ|ចិត្ត	ក・ក・រ・ច・ិ・ត・្・ត
កញ្ញាកិត្តិយស	កញ្ញា|កិត្តិ|យស	ក・ញ・្・ញ・ា・ក・ិ・ត・្・ត・ិ・យ・ស
កត្តា	កត្តា	ក・ត・្・ត・ា
កត្តិក	កត្តិក	ក・ត・្・ត・ិ・ក
កត្តុវាចក	កត្តុ|វាចក	ក・ត・្・ត・ុ・វ・ា・ច・ក
កត្តុវាចកៈ	កត្តុ|វា|ចកៈ	ក・ត・្・ត・ុ・វ・ា・ច・ក・ៈ
កបិចិត្ត	កបិចិត្ត	ក・ប・ិ・ច・ិ・ត・្・ត
កពូនសម្បត្តិ	កពូន|សម្បត្តិ	ក・ព・ូ・ន・ស・ម・្・ប・ត・្・ត・ិ
កម្មសិទ្ធិឯកត្តជន	កម្មសិទ្ធិ|ឯកត្ត|ជន	ក・ម・្・ម・ស・ិ・ទ・្・ធ・ិ・ឯ・ក・ត・្・ត・ជ・ន
កម្លាចិត្ត	កម្លា|ចិត្ត	ក・ម・្・ល・ា・ច・ិ・ត・្・ត
កម្លាំងចិត្ត	កម្លាំង|ចិត្ត	ក・ម・្・ល・ា・ំ・ង・ច・ិ・ត・្・ត
កល្យាណមិត្ត	កល្យាណ|មិត្ត	ក・ល・្・យ・ា・ណ・ម・ិ・ត・្・ត
កាត់ចិត្តកាត់ថ្លើម	កាត់|ចិត្ត|កាត់|ថ្លើម	ក・ា・ត・់・ច・ិ・ត・្・ត・ក・ា・ត・់・ថ・្・ល・ើ・ម
កាត់ចិត្តភឹង	កាត់|ចិត្ត|ភឹង	ក・ា・ត・់・ច・ិ・ត・្・ត・ភ・ឹ・ង
កាមុម្មត្តកៈ	កាមុម្មត្តកៈ	ក・ា・ម・ុ・ម・្・ម・ត・្・ត・ក・ៈ
កាយវិញ្ញត្តិ	កាយ|វិញ្ញត្តិ	ក・ា・យ・វ・ិ・ញ・្・ញ・ត・្・ត・ិ
ការុញ្ញចិត្ត	ការ|ុញ្ញ|ចិត្ត	ក・ា・រ・ុ・ញ・្・ញ・ច・ិ・ត・្・ត
កាលប្បវត្តិ	កាល|ប្បវត្តិ	ក・ា・ល・ប・្・ប・វ・ត・្・ត・ិ
កាលប្រវត្តិ	កាល|ប្រវត្តិ	ក・ា・ល・ប・្・រ・វ・ត・្・ត・ិ
កាលប្រវត្តិវិទ្យា	កាល|ប្រវត្តិ|វិទ្យា	ក・ា・ល・ប・្・រ・វ・ត・្・ត・ិ・វ・ិ・ទ・្・យ・ា
កាលវិបត្តិ	កាល|វិបត្តិ	ក・ា・ល・វ・ិ・ប・ត・្・ត・ិ
កាលសម័យបុរេប្រវត្តិ	កាល|សម័យ|បុរេ|ប្រវត្តិ	ក・ា・ល・ស・ម・័・យ・ប・ុ・រ・េ・ប・្・រ・វ・ត・្・ត・ិ
កាលសម័យប្រវត្តិសាស្ត្រ	កាល|សម័យ|ប្រវត្តិ|សាស្ត្រ	ក・ា・ល・ស・ម・័・យ・ប・្・រ・វ・ត・្・ត・ិ・ស・ា・ស・្・ត・្・រ
កាលសម្បត្តិ	កាល|សម្បត្តិ	ក・ា・ល・ស・ម・្・ប・ត・្・ត・ិ
កាលានុវត្តនិយម	កាលានុវត្ត|និយម	ក・ា・ល・ា・ន・ុ・វ・ត・្・ត・ន・ិ・យ・ម
កាលានុវត្តភាព	កាលានុវត្ត|ភាព	ក・ា・ល・ា・ន・ុ・វ・ត・្・ត・ភ・ា・ព
កិត្តិ	កិត្តិ	ក・ិ・ត・្・ត・ិ
កិត្តិគុណ	កិត្តិ|គុណ	ក・ិ・ត・្・ត・ិ・គ・ុ・ណ
កិត្តិនាម	កិត្តិ|នាម	ក・ិ・ត・្・ត・ិ・ន・ា・ម
កិត្តិយស	កិត្តិ|យស	ក・ិ・ត・្・ត・ិ・យ・ស
កិត្តិសព្ទ	កិត្តិ|សព្ទ	ក・ិ・ត・្・ត・ិ・ស・ព・្・ទ
កីឡាអត្តពលកម្ម	កីឡា|អត្ត|ពលកម្ម	ក・ី・ឡ・ា・អ・ត・្・ត・ព・ល・ក・ម・្・ម
កុដិកភត្ត	កុដិក|ភត្ត	ក・ុ・ដ・ិ・ក・ភ・ត・្・ត
កុលវិបត្តិ	កុល|វិបត្តិ	ក・ុ・ល・វ・ិ・ប・ត・្・ត・ិ
កុលសម្បត្តិ	កុល|សម្បត្តិ	ក・ុ・ល・ស・ម・្・ប・ត・្・ត・ិ
ក័លក័ត្តា	ក័ល|ក័ត្តា	ក・័・ល・ក・័・ត・្・ត・ា
ក្ដៅចិត្ត	ក្ដៅ|ចិត្ត	ក・្・ដ・ៅ・ច・ិ・ត・្・ត
ក្រំចិត្ត	ក្រំ|ចិត្ត	ក・្・រ・ំ・ច・ិ・ត・្・ត
ខកចិត្ត	ខក|ចិត្ត	ខ・ក・ច・ិ・ត・្・ត
ខត្តិយវង្ស	ខត្តិយ|វង្ស	ខ・ត・្・ត・ិ・យ・វ・ង・្・ស
ខត្តិយៈ	ខត្តិយៈ	ខ・ត・្・ត・ិ・យ・ៈ
ខលុបច្ឆាភត្តិកង្គ	ខលុប|ច្ឆាភ|ត្តិ|កង្គ	ខ・ល・ុ・ប・ច・្・ឆ・ា・ភ・ត・្・ត・ិ・ក・ង・្・គ
ខាំមាត់សង្កត់ចិត្ត	ខាំ|មាត់|សង្កត់|ចិត្ត	ខ・ា・ំ・ម・ា・ត・់・ស・ង・្・ក・ត・់・ច・ិ・ត・្・ត
ខិត្តប័ណ្ណ	ខិត្តប័ណ្ណ	ខ・ិ・ត・្・ត・ប・័・ណ・្・ណ
ខូចចិត្ត	ខូច|ចិត្ត	ខ・ូ・ច・ច・ិ・ត・្・ត
ខេត្ត	ខេត្ត	ខ・េ・ត・្・ត
ខេត្តាភិបាល	ខេត្តា|ភិបាល	ខ・េ・ត・្・ត・ា・ភ・ិ・ប・ា・ល
ខេត្តុបករណ៍	ខេត្តុបករណ៍	ខ・េ・ត・្・ត・ុ・ប・ក・រ・ណ・៍
ខ្លាចចិត្ត	ខ្លាច|ចិត្ត	ខ・្・ល・ា・ច・ច・ិ・ត・្・ត
ខ្លោចចិត្ត	ខ្លោច|ចិត្ត	ខ・្・ល・ោ・ច・ច・ិ・ត・្・ត
គតិបណ្ឌិតប្រតិបត្តិ	គតិ|បណ្ឌិត|ប្រតិបត្តិ	គ・ត・ិ・ប・ណ・្・ឌ・ិ・ត・ប・្・រ・ត・ិ・ប・ត・្・ត・ិ
គតិយុត្ត	គតិយុត្ត	គ・ត・ិ・យ・ុ・ត・្・ត
គតិយុត្តិ	គតិយុត្តិ	គ・ត・ិ・យ・ុ・ត・្・ត・ិ
គាប់ចិត្ត	គាប់|ចិត្ត	គ・ា・ប・់・ច・ិ・ត・្・ត
គិលានភត្ត	គិលាន|ភត្ត	គ・ិ・ល・ា・ន・ភ・ត・្・ត
គុណវិបត្តិ	គុណ|វិបត្តិ	គ・ុ・ណ・វ・ិ・ប・ត・្・ត・ិ
គុណសម្បត្តិ	គុណ|សម្បត្តិ	គ・ុ・ណ・ស・ម・្・ប・ត・្・ត・ិ
គោតមគោត្ត	គោតម|គោត្ត	គ・ោ・ត・ម・គ・ោ・ត・្・ត
គោត្ត	គោត្ត	គ・ោ・ត・្・ត
គោត្តនាម	គោត្ត|នាម	គ・ោ・ត・្・ត・ន・ា・ម
គោវត្ត	គោ|វត្ត	គ・ោ・វ・ត・្・ត
ឃោសាឃោសវិមុត្ត	ឃោសា|ឃោស|វិមុត្ត	ឃ・ោ・ស・ា・ឃ・ោ・ស・វ・ិ・ម・ុ・ត・្・ត
ងាកចិត្ត	ងាក|ចិត្ត	ង・ា・ក・ច・ិ・ត・្・ត
ចក្ខុនិមិត្ត	ចក្ខុ|និមិត្ត	ច・ក・្・ខ・ុ・ន・ិ・ម・ិ・ត・្・ត
ចក្រពត្តិ	ចក្រពត្តិ	ច・ក・្・រ・ព・ត・្・ត・ិ
ចក្រពត្តិនិយម	ចក្រពត្តិ|និយម	ច・ក・្・រ・ព・ត・្・ត・ិ・ន・ិ・យ・ម
ចងចិត្ត	ចង|ចិត្ត	ច・ង・ច・ិ・ត・្・ត
ចត្តាឡីស័ក	ចត្តាឡី|ស័ក	ច・ត・្・ត・ា・ឡ・ី・ស・័・ក
ចាប់ចិត្ត	ចាប់|ចិត្ត	ច・ា・ប・់・ច・ិ・ត・្・ត
ចាលចិត្ត	ចាល|ចិត្ត	ច・ា・ល・ច・ិ・ត・្・ត
ចាល់ចិត្ត	ចាល់|ចិត្ត	ច・ា・ល・់・ច・ិ・ត・្・ត
ចាស់ចិត្តចាស់គំនិត	ចាស់|ចិត្ត|ចាស់|គំនិត	ច・ា・ស・់・ច・ិ・ត・្・ត・ច・ា・ស・់・គ・ំ・ន・ិ・ត
ចិត្ត	ចិត្ត	ច・ិ・ត・្・ត
ចិត្តកម្ម	ចិត្ត|កម្ម	ច・ិ・ត・្・ត・ក・ម・្・ម
ចិត្តការ	ចិត្ត|ការ	ច・ិ・ត・្・ត・ក・ា・រ
ចិត្តការិកា	ចិត្ត|ការិកា	ច・ិ・ត・្・ត・ក・ា・រ・ិ・ក・ា
ចិត្តខ្មៅ	ចិត្ត|ខ្មៅ	ច・ិ・ត・្・ត・ខ・្・ម・ៅ
ចិត្តខ្លាំង	ចិត្ត|ខ្លាំង	ច・ិ・ត・្・ត・ខ・្・ល・ា・ំ・ង
ចិត្តគំនិត	ចិត្ត|គំនិត	ច・ិ・ត・្・ត・គ・ំ・ន・ិ・ត
ចិត្តចង្អៀត	ចិត្ត|ចង្អៀត	ច・ិ・ត・្・ត・ច・ង・្・អ・ៀ・ត
ចិត្តចោរ	ចិត្ត|ចោរ	ច・ិ・ត・្・ត・ច・ោ・រ
ចិត្តច្រើន	ចិត្ត|ច្រើន	ច・ិ・ត・្・ត・ច・្・រ・ើ・ន
ចិត្តជា	ចិត្ត|ជា	ច・ិ・ត・្・ត・ជ・ា
ចិត្តជាទេវទត្តមាត់ជាទេវតា	ចិត្ត|ជា|ទេវទត្ត|មាត់|ជា|ទេវតា	ច・ិ・ត・្・ត・ជ・ា・ទ・េ・វ・ទ・ត・្・ត・ម・ា・ត・់・ជ・ា・ទ・េ・វ・ត・ា
ចិត្តជាទេវទត្តមាត់ជាទេវតា	ចិត្ត|ជា|ទេវទត្ត|មាត់|ជា|ទេវតា	ច・ិ・ត・្・ត・ជ・ា・ទ・េ・វ・ទ・ត・្・ត・ម・ា・ត・់・ជ・ា・ទ・េ・វ・ត・ា
ចិត្តដាច់	ចិត្ត|ដាច់	ច・ិ・ត・្・ត・ដ・ា・ច・់
ចិត្តទស្សនវិជ្ជា	ចិត្ត|ទស្សន|វិជ្ជា	ច・ិ・ត・្・ត・ទ・ស・្・ស・ន・វ・ិ・ជ・្・ជ・ា
ចិត្តទូលាយ	ចិត្ត|ទូលាយ	ច・ិ・ត・្・ត・ទ・ូ・ល・ា・យ
ចិត្តធំ	ចិត្ត|ធំ	ច・ិ・ត・្・ត・ធ・ំ
ចិត្តធ្ងន់	ចិត្ត|ធ្ងន់	ច・ិ・ត・្・ត・ធ・្・ង・ន・់
ចិត្តពាល	ចិត្ត|ពាល	ច・ិ・ត・្・ត・ព・ា・ល
ចិត្តព្យាបាល	ចិត្ត|ព្យាបាល	ច・ិ・ត・្・ត・ព・្・យ・ា・ប・ា・ល
ចិត្តព្រែក	ចិត្ត|ព្រែក	ច・ិ・ត・្・ត・ព・្・រ・ែ・ក
ចិត្តព្រះ	ចិត្ត|ព្រះ	ច・ិ・ត・្・ត・ព・្・រ・ះ
ចិត្តមច្ឆេរមិច្ឆា	ចិត្ត|មច្ឆេរ|មិច្ឆា	ច・ិ・ត・្・ត・ម・ច・្・ឆ・េ・រ・ម・ិ・ច・្・ឆ・ា
ចិត្តមុត	ចិត្ត|មុត	ច・ិ・ត・្・ត・ម・ុ・ត
ចិត្តរាក់	ចិត្ត|រាក់	ច・ិ・ត・្・ត・រ・ា・ក・់
ចិត្តរឹល	ចិត្ត|រឹល	ច・ិ・ត・្・ត・រ・ឹ・ល
ចិត្តរួញ	ចិត្ត|រួញ	ច・ិ・ត・្・ត・រ・ួ・ញ
ចិត្តរំជួល	ចិត្ត|រំជួល	ច・ិ・ត・្・ត・រ・ំ・ជ・ួ・ល
ចិត្តរំភើប	ចិត្ត|រំភើប	ច・ិ・ត・្・ត・រ・ំ・ភ・ើ・ប
ចិត្តល្អៀង	ចិត្ត|ល្អៀង	ច・ិ・ត・្・ត・ល・្・អ・ៀ・ង
ចិត្តវិជ្ជា	ចិត្ត|វិជ្ជា	ច・ិ・ត・្・ត・វ・ិ・ជ・្・ជ・ា
ចិត្តវិទ្យា	ចិត្ត|វិទ្យា	ច・ិ・ត・្・ត・វ・ិ・ទ・្・យ・ា
ចិត្តវិវេក	ចិត្ត|វិវេក	ច・ិ・ត・្・ត・វ・ិ・វ・េ・ក
ចិត្តសង្ខារ	ចិត្ត|សង្ខារ	ច・ិ・ត・្・ត・ស・ង・្・ខ・ា・រ
ចិត្តសមុដ្ឋាន	ចិត្ត|សមុដ្ឋាន	ច・ិ・ត・្・ត・ស・ម・ុ・ដ・្・ឋ・ា・ន
ចិត្តសាមាន្យ	ចិត្ត|សាមាន្យ	ច・ិ・ត・្・ត・ស・ា・ម・ា・ន・្・យ
ចិត្តសាស្ត្រ	ចិត្ត|សាស្ត្រ	ច・ិ・ត・្・ត・ស・ា・ស・្・ត・្・រ
ចិត្តសោមនស្ស	ចិត្ត|សោមនស្ស	ច・ិ・ត・្・ត・ស・ោ・ម・ន・ស・្・ស
ចិត្តស្ងប់	ចិត្ត|ស្ងប់	ច・ិ・ត・្・ត・ស・្・ង・ប・់
ចិត្តស្រាល	ចិត្ត|ស្រាល	ច・ិ・ត・្・ត・ស・្・រ・ា・ល
ចិត្តស្លុយ	ចិត្ត|ស្លុយ	ច・ិ・ត・្・ត・ស・្・ល・ុ・យ
ចិត្តហានក្លា	ចិត្ត|ហានក្លា	ច・ិ・ត・្・ត・ហ・ា・ន・ក・្・ល・ា
ចិត្តហេងហាង	ចិត្ត|ហេង|ហាង	ច・ិ・ត・្・ត・ហ・េ・ង・ហ・ា・ង
ចិត្តអន្យតិរ្ថិយ	ចិត្ត|អន្យ|តិរ្ថិយ	ច・ិ・ត・្・ត・អ・ន・្・យ・ត・ិ・រ・្・ថ・ិ・យ
ចិត្តអប្រិយ	ចិត្ត|អប្រិយ	ច・ិ・ត・្・ត・អ・ប・្・រ・ិ・យ
ចិត្តានុរូប	ចិត្តានុរូប	ច・ិ・ត・្・ត・ា・ន・ុ・រ・ូ・ប
ចិត្តុម្មត្តកៈ	ចិត្តុម្មត្តកៈ	ច・ិ・ត・្・ត・ុ・ម・្・ម・ត・្・ត・ក・ៈ
ចិត្តុម្មត្តកៈ	ចិត្តុម្មត្តកៈ	ច・ិ・ត・្・ត・ុ・ម・្・ម・ត・្・ត・ក・ៈ
ចិត្ត—	ចិត្ត|—	ច・ិ・ត・្・ត・—
ចុះចិត្ត	ចុះ|ចិត្ត	ច・ុ・ះ・ច・ិ・ត・្・ត
ចូលចិត្ត	ចូល|ចិត្ត	ច・ូ・ល・ច・ិ・ត・្・ត
ចោរម័ត្ត	ចោរ|ម័ត្ត	ច・ោ・រ・ម・័・ត・្・ត
ចំណុចចិត្ត	ចំណុច|ចិត្ត	ច・ំ・ណ・ុ・ច・ច・ិ・ត・្・ត
ឆន្ទវុត្តិប្បទីប	ឆន្ទ|វុត្តិ|ប្បទីប	ឆ・ន・្・ទ・វ・ុ・ត・្・ត・ិ・ប・្・ប・ទ・ី・ប
ឆ្កួតចិត្ត	ឆ្កួត|ចិត្ត	ឆ・្・ក・ួ・ត・ច・ិ・ត・្・ត
ឆ្អែតចិត្ត	ឆ្អែត|ចិត្ត	ឆ・្・អ・ែ・ត・ច・ិ・ត・្・ត
ជក់ចិត្ត	ជក់|ចិត្ត	ជ・ក・់・ច・ិ・ត・្・ត
ជនេត្តិកា	ជនេត្តិកា	ជ・ន・េ・ត・្・ត・ិ・ក・ា
ជនេត្តី	ជនេត្តី	ជ・ន・េ・ត・្・ត・ី
ជនោត្តម	ជនោត្តម	ជ・ន・ោ・ត・្・ត・ម
ជវនចិត្ត	ជវន|ចិត្ត	ជ・វ・ន・ច・ិ・ត・្・ត
ជាតីឧត្តម	ជា|តី|ឧត្តម	ជ・ា・ត・ី・ឧ・ត・្・ត・ម
ជាប់ចិត្ត	ជាប់|ចិត្ត	ជ・ា・ប・់・ច・ិ・ត・្・ត
ជាលបត្តសត្វ	ជា|លបត្ត|សត្វ	ជ・ា・ល・ប・ត・្・ត・ស・ត・្・វ
ជីវប្បវត្តិ	ជីវ|ប្បវត្តិ	ជ・ី・វ・ប・្・ប・វ・ត・្・ត・ិ
ជីវប្រវត្តិ	ជីវ|ប្រវត្តិ	ជ・ី・វ・ប・្・រ・វ・ត・្・ត・ិ
ជីវព្រឹត្តិ	ជីវ|ព្រឹត្តិ	ជ・ី・វ・ព・្・រ・ឹ・ត・្・ត・ិ
ជើងវត្ត	ជើង|វត្ត	ជ・ើ・ង・វ・ត・្・ត
ជេតុត្តរ	ជេតុត្តរ	ជ・េ・ត・ុ・ត・្・ត・រ
ជំងឺចិត្ត	ជំងឺ|ចិត្ត	ជ・ំ・ង・ឺ・ច・ិ・ត・្・ត
ជំងឺផ្លូវចិត្ត	ជំងឺ|ផ្លូវ|ចិត្ត	ជ・ំ・ង・ឺ・ផ・្・ល・ូ・វ・ច・ិ・ត・្・ត
ឈានចិត្ត	ឈាន|ចិត្ត	ឈ・ា・ន・ច・ិ・ត・្・ត
ឈឺចិត្ត	ឈឺ|ចិត្ត	ឈ・ឺ・ច・ិ・ត・្・ត
ញត្តិ	ញត្តិ	ញ・ត・្・ត・ិ
ញត្តិកឋិន	ញត្តិក|ឋិន	ញ・ត・្・ត・ិ・ក・ឋ・ិ・ន
ញត្តិកម្ម	ញត្តិ|កម្ម	ញ・ត・្・ត・ិ・ក・ម・្・ម
ញត្តិចតុត្ថកម្ម	ញត្តិច|តុ|ត្ថ|កម្ម	ញ・ត・្・ត・ិ・ច・ត・ុ・ត・្・ថ・ក・ម・្・ម
ញត្តិទុតិយកម្ម	ញត្តិ|ទុតិយ|កម្ម	ញ・ត・្・ត・ិ・ទ・ុ・ត・ិ・យ・ក・ម・្・ម
ញត្តិនាគ	ញត្តិ|នាគ	ញ・ត・្・ត・ិ・ន・ា・គ
ញាណវិប្បយុត្ត	ញាណ|វិប្ប|យុត្ត	ញ・ា・ណ・វ・ិ・ប・្・ប・យ・ុ・ត・្・ត
ញាណសម្បយុត្ត	ញាណ|សម្បយុត្ត	ញ・ា・ណ・ស・ម・្・ប・យ・ុ・ត・្・ត
ញាតិបុត្ត	ញាតិ|បុត្ត	ញ・ា・ត・ិ・ប・ុ・ត・្・ត
ញោមវត្ត	ញោម|វត្ត	ញ・ោ・ម・វ・ត・្・ត
ដាក់ចិត្ត	ដាក់|ចិត្ត	ដ・ា・ក・់・ច・ិ・ត・្・ត
ដាក់ចិត្តដាក់កាយ	ដាក់|ចិត្ត|ដាក់|កាយ	ដ・ា・ក・់・ច・ិ・ត・្・ត・ដ・ា・ក・់・ក・ា・យ
ដាច់ចិត្ត	ដាច់|ចិត្ត	ដ・ា・ច・់・ច・ិ・ត・្・ត
ដាច់ចិត្តភឹង	ដាច់|ចិត្ត|ភឹង	ដ・ា・ច・់・ច・ិ・ត・្・ត・ភ・ឹ・ង
ដឹងចិត្តដឹងថ្លើម	ដឹង|ចិត្ត|ដឹង|ថ្លើម	ដ・ឹ・ង・ច・ិ・ត・្・ត・ដ・ឹ・ង・ថ・្・ល・ើ・ម
ដួងចិត្ត	ដួង|ចិត្ត	ដ・ួ・ង・ច・ិ・ត・្・ត
ដំបូងចិត្ត	ដំបូង|ចិត្ត	ដ・ំ・ប・ូ・ង・ច・ិ・ត・្・ត
ដំបៅចិត្ត	ដំបៅ|ចិត្ត	ដ・ំ・ប・ៅ・ច・ិ・ត・្・ត
ណាយចិត្ត	ណាយ|ចិត្ត	ណ・ា・យ・ច・ិ・ត・្・ត
តតិយាវិភត្តិ	តតិយា|វិភត្តិ	ត・ត・ិ・យ・ា・វ・ិ・ភ・ត・្・ត・ិ
តម្កល់ចិត្ត	តម្កល់|ចិត្ត	ត・ម・្・ក・ល・់・ច・ិ・ត・្・ត
តរុណបុត្ត	តរុណ|បុត្ត	ត・រ・ុ・ណ・ប・ុ・ត・្・ត
តាមអំណាចចិត្ត	តាម|អំណាច|ចិត្ត	ត・ា・ម・អ・ំ・ណ・ា・ច・ច・ិ・ត・្・ត
តាវត្តិង្ស	តាវត្តិង្ស	ត・ា・វ・ត・្・ត・ិ・ង・្・ស
តាំងចិត្ត	តាំង|ចិត្ត	ត・ា・ំ・ង・ច・ិ・ត・្・ត
តឹងចិត្ត	តឹង|ចិត្ត	ត・ឹ・ង・ច・ិ・ត・្・ត
តុលាការយុត្តិធម៌អន្តរជាតិ	តុលាការ|យុត្តិធម៌|អន្តរ|ជាតិ	ត・ុ・ល・ា・ក・ា・រ・យ・ុ・ត・្・ត・ិ・ធ・ម・៌・អ・ន・្・ត・រ・ជ・ា・ត・ិ
តូចចិត្ត	តូច|ចិត្ត	ត・ូ・ច・ច・ិ・ត・្・ត
តំណឹងចិត្ត	តំណឹង|ចិត្ត	ត・ំ・ណ・ឹ・ង・ច・ិ・ត・្・ត
ត្រណាក់ចិត្ត	ត្រណាក់|ចិត្ត	ត・្・រ・ណ・ា・ក・់・ច・ិ・ត・្・ត
ត្រមោងចិត្ត	ត្រមោង|ចិត្ត	ត・្・រ・ម・ោ・ង・ច・ិ・ត・្・ត
ត្រីពិធសម្បត្តិ	ត្រី|ពិធ|សម្បត្តិ	ត・្・រ・ី・ព・ិ・ធ・ស・ម・្・ប・ត・្・ត・ិ
ត្រូវចិត្ត	ត្រូវ|ចិត្ត	ត・្・រ・ូ・វ・ច・ិ・ត・្・ត
ត្រៃពិធសម្បត្តិ	ត្រៃ|ពិធ|សម្បត្តិ	ត・្・រ・ៃ・ព・ិ・ធ・ស・ម・្・ប・ត・្・ត・ិ
ត្រៃភូមិកចិត្ត	ត្រៃ|ភូមិក|ចិត្ត	ត・្・រ・ៃ・ភ・ូ・ម・ិ・ក・ច・ិ・ត・្・ត
ថវិកាខេត្ត	ថវិកា|ខេត្ត	ថ・វ・ិ・ក・ា・ខ・េ・ត・្・ត
ថេយ្យចិត្ត	ថេយ្យ|ចិត្ត	ថ・េ・យ・្・យ・ច・ិ・ត・្・ត
ថ្នាក់ឧត្តម	ថ្នាក់|ឧត្តម	ថ・្・ន・ា・ក・់・ឧ・ត・្・ត・ម
ថ្លាចិត្ត	ថ្លា|ចិត្ត	ថ・្・ល・ា・ច・ិ・ត・្・ត
ថ្លោសចិត្តថ្លោសគំនិត	ថ្លោស|ចិត្ត|ថ្លោស|គំនិត	ថ・្・ល・ោ・ស・ច・ិ・ត・្・ត・ថ・្・ល・ោ・ស・គ・ំ・ន・ិ・ត
ទត្តាត្រេយ	ទត្តា|ត្រេយ	ទ・ត・្・ត・ា・ត・្・រ・េ・យ
ទន្ទ្រានខេត្ត	ទន្ទ្រាន|ខេត្ត	ទ・ន・្・ទ・្・រ・ា・ន・ខ・េ・ត・្・ត
ទម្លាក់ចិត្ត	ទម្លាក់|ចិត្ត	ទ・ម・្・ល・ា・ក・់・ច・ិ・ត・្・ត
ទឡ្ហមិត្ត	ទឡ្ហ|មិត្ត	ទ・ឡ・្・ហ・ម・ិ・ត・្・ត
ទាន់ចិត្ត	ទាន់|ចិត្ត	ទ・ា・ន・់・ច・ិ・ត・្・ត
ទារុណវិបត្ត	ទារុណ|វិបត្ត	ទ・ា・រ・ុ・ណ・វ・ិ・ប・ត・្・ត
ទារុណវិបត្តិ 	ទារុណ|វិបត្តិ	ទ・ា・រ・ុ・ណ・វ・ិ・ប・ត・្・ត・ិ・ 
ទាស់ចិត្ត	ទាស់|ចិត្ត	ទ・ា・ស・់・ច・ិ・ត・្・ត
ទាហានស្ម័គ្រចិត្ត	ទាហាន|ស្ម័គ្រ|ចិត្ត	ទ・ា・ហ・ា・ន・ស・្・ម・័・គ・្・រ・ច・ិ・ត・្・ត
ទិដ្ឋមត្ត	ទិដ្ឋ|មត្ត	ទ・ិ・ដ・្・ឋ・ម・ត・្・ត
ទិដ្ឋមត្តក៍	ទិដ្ឋ|មត្តក៍	ទ・ិ・ដ・្・ឋ・ម・ត・្・ត・ក・៍
ទិដ្ឋិវិបត្តិ	ទិដ្ឋិ|វិបត្តិ	ទ・ិ・ដ・្・ឋ・ិ・វ・ិ・ប・ត・្・ត・ិ
ទិដ្ឋិសម្បត្តិ	ទិដ្ឋិ|សម្បត្តិ	ទ・ិ・ដ・្・ឋ・ិ・ស・ម・្・ប・ត・្・ត・ិ
ទិដ្ឋុម្មត្តកៈ	ទិដ្ឋុម្មត្តកៈ	ទ・ិ・ដ・្・ឋ・ុ・ម・្・ម・ត・្・ត・ក・ៈ
ទិនានុប្បវត្តិ	ទិនានុប្បវត្តិ	ទ・ិ・ន・ា・ន・ុ・ប・្・ប・វ・ត・្・ត・ិ
ទិនានុប្រព្រឹត្តិ	ទិនានុប្រព្រឹត្តិ	ទ・ិ・ន・ា・ន・ុ・ប・្・រ・ព・្・រ・ឹ・ត・្・ត・ិ
ទិវានុព្រឹត្តិ	ទិវានុព្រឹត្តិ	ទ・ិ・វ・ា・ន・ុ・ព・្・រ・ឹ・ត・្・ត・ិ
ទីឃរត្ត	ទីឃ|រត្ត	ទ・ី・ឃ・រ・ត・្・ត
ទីផ្សារកត្តាផលិតកម្ម	ទី|ផ្សារ|កត្តា|ផលិត|កម្ម	ទ・ី・ផ・្・ស・ា・រ・ក・ត・្・ត・ា・ផ・ល・ិ・ត・ក・ម・្・ម
ទីរួមខេត្ត	ទី|រួម|ខេត្ត	ទ・ី・រ・ួ・ម・ខ・េ・ត・្・ត
ទីសត្តឃាត	ទី|សត្ត|ឃាត	ទ・ី・ស・ត・្・ត・ឃ・ា・ត
ទឹកចិត្ត	ទឹក|ចិត្ត	ទ・ឹ・ក・ច・ិ・ត・្・ត
ទុកចិត្ត	ទុក|ចិត្ត	ទ・ុ・ក・ច・ិ・ត・្・ត
ទុក្កដាបត្តិ	ទុក្កដាបត្តិ	ទ・ុ・ក・្・ក・ដ・ា・ប・ត・្・ត・ិ
ទុតិយាវិភត្តិ	ទុតិយា|វិភត្តិ	ទ・ុ・ត・ិ・យ・ា・វ・ិ・ភ・ត・្・ត・ិ
ទុព្វចមិត្ត	ទុព្វ|ចមិត្ត	ទ・ុ・ព・្・វ・ច・ម・ិ・ត・្・ត
ទេវទត្ត	ទេវទត្ត	ទ・េ・វ・ទ・ត・្・ត
ទេវបុត្ត	ទេវ|បុត្ត	ទ・េ・វ・ប・ុ・ត・្・ត
ទេវបុត្តមារ	ទេវ|បុត្តមារ	ទ・េ・វ・ប・ុ・ត・្・ត・ម・ា・រ
ទោសចិត្ត	ទោស|ចិត្ត	ទ・ោ・ស・ច・ិ・ត・្・ត
ទ្រព្យសម្បត្តិ	ទ្រព្យ|សម្បត្តិ	ទ・្・រ・ព・្・យ・ស・ម・្・ប・ត・្・ត・ិ
ទ្រាន់ចិត្ត	ទ្រាន់|ចិត្ត	ទ・្・រ・ា・ន・់・ច・ិ・ត・្・ត
ទ្រើសចិត្ត	ទ្រើស|ចិត្ត	ទ・្・រ・ើ・ស・ច・ិ・ត・្・ត
ទ្វិបត្តសត្វ	ទ្វិបត្ត|សត្វ	ទ・្・វ・ិ・ប・ត・្・ត・ស・ត・្・វ
ទ្វេបត្ត	ទ្វេ|បត្ត	ទ・្・វ・េ・ប・ត・្・ត
ធនលាភឩត្តរជីវី	ធន|លាភ|ឩត្តរ|ជីវី	ធ・ន・ល・ា・ភ・ឩ・ត・្・ត・រ・ជ・ី・វ・ី
ធម្មចក្កប្បវត្តនសូត្រ	ធម្ម|ចក្កប្បវត្តន|សូត្រ	ធ・ម・្・ម・ច・ក・្・ក・ប・្・ប・វ・ត・្・ត・ន・ស・ូ・ត・្・រ
ធម្មប្បដិបត្តិ	ធម្ម|ប្បដិបត្តិ	ធ・ម・្・ម・ប・្・ប・ដ・ិ・ប・ត・្・ត・ិ
ធម្មយុត្ត	ធម្ម|យុត្ត	ធ・ម・្・ម・យ・ុ・ត・្・ត
ធម្មយុត្តិ	ធម្ម|យុត្តិ	ធ・ម・្・ម・យ・ុ・ត・្・ត・ិ
ធម្មយុត្តិកនិកាយ	ធម្ម|យុត្តិក|និកាយ	ធ・ម・្・ម・យ・ុ・ត・្・ត・ិ・ក・ន・ិ・ក・ា・យ
ធរមានប្បញ្ញត្តិ	ធរ|មាន|ប្បញ្ញត្តិ	ធ・រ・ម・ា・ន・ប・្・ប・ញ・្・ញ・ត・្・ត・ិ
ធ្ងន់ចិត្តកណ្ដុក	ធ្ងន់|ចិត្ត|កណ្ដុក	ធ・្・ង・ន・់・ច・ិ・ត・្・ត・ក・ណ・្・ដ・ុ・ក
ធ្យានចិត្ត	ធ្យាន|ចិត្ត	ធ・្・យ・ា・ន・ច・ិ・ត・្・ត
នក្ខត្ត	នក្ខត្ត	ន・ក・្・ខ・ត・្・ត
នក្ខត្តឫក្ស	នក្ខ|ត្ត|ឫក្ស	ន・ក・្・ខ・ត・្・ត・ឫ・ក・្・ស
នគរវត្ត	នគរវត្ត	ន・គ・រ・វ・ត・្・ត
នត្តា	នត្តា	ន・ត・្・ត・ា
នព្វលោកុត្តរ	នព្វ|លោកុត្តរ	ន・ព・្・វ・ល・ោ・ក・ុ・ត・្・ត・រ
នព្វលោកុត្តរធម៌	នព្វ|លោកុត្តរ|ធម៌	ន・ព・្・វ・ល・ោ・ក・ុ・ត・្・ត・រ・ធ・ម・៌
នរោត្តម	នរោត្តម	ន・រ・ោ・ត・្・ត・ម
នវានុវត្តន៍	នវានុវត្តន៍	ន・វ・ា・ន・ុ・វ・ត・្・ត・ន・៍
នាមប្បញ្ញត្តិ	នាម|ប្បញ្ញត្តិ	ន・ា・ម・ប・្・ប・ញ・្・ញ・ត・្・ត・ិ
និច្ចភត្ត	និច្ច|ភត្ត	ន・ិ・ច・្・ច・ភ・ត・្・ត
និមិត្ត	និមិត្ត	ន・ិ・ម・ិ・ត・្・ត
និមិត្តរូប	និមិត្ត|រូប	ន・ិ・ម・ិ・ត・្・ត・រ・ូ・ប
និមិត្តរូបនិយម	និមិត្ត|រូប|និយម	ន・ិ・ម・ិ・ត・្・ត・រ・ូ・ប・ន・ិ・យ・ម
និមិត្តរូបារម្មណ៍	និមិត្ត|រូបារម្មណ៍	ន・ិ・ម・ិ・ត・្・ត・រ・ូ・ប・ា・រ・ម・្・ម・ណ・៍
និមិត្តសញ្ញា	និមិត្ត|សញ្ញា	ន・ិ・ម・ិ・ត・្・ត・ស・ញ・្・ញ・ា
និមិត្តសីមា	និមិត្ត|សីមា	ន・ិ・ម・ិ・ត・្・ត・ស・ី・ម・ា
និមិត្តហេតុ	និមិត្ត|ហេតុ	ន・ិ・ម・ិ・ត・្・ត・ហ・េ・ត・ុ
និមុត្តិ	និមុត្តិ	ន・ិ・ម・ុ・ត・្・ត・ិ
និមុត្តិកិច្ច	និមុត្តិ|កិច្ច	ន・ិ・ម・ុ・ត・្・ត・ិ・ក・ិ・ច・្・ច
និមុត្តិធានា	និមុត្តិ|ធានា	ន・ិ・ម・ុ・ត・្・ត・ិ・ធ・ា・ន・ា
និរុត្តិ	និរុត្តិ	ន・ិ・រ・ុ・ត・្・ត・ិ
និរុត្តិប្បដិសម្ភិទា	និរុត្តិ|ប្បដិសម្ភិទា	ន・ិ・រ・ុ・ត・្・ត・ិ・ប・្・ប・ដ・ិ・ស・ម・្・ភ・ិ・ទ・ា
និរុត្តិវិទូ	និរុត្តិ|វិទូ	ន・ិ・រ・ុ・ត・្・ត・ិ・វ・ិ・ទ・ូ
និរុត្តិសាស្ត្រ	និរុត្តិ|សាស្ត្រ	ន・ិ・រ・ុ・ត・្・ត・ិ・ស・ា・ស・្・ត・្・រ
និរុត្តិសាស្ត្រគម្ពីរ	និរុត្តិ|សាស្ត្រ|គម្ពីរ	ន・ិ・រ・ុ・ត・្・ត・ិ・ស・ា・ស・្・ត・្・រ・គ・ម・្・ព・ី・រ
និរោធសមាបត្តិ	និរោធ|សមាបត្តិ	ន・ិ・រ・ោ・ធ・ស・ម・ា・ប・ត・្・ត・ិ
និវត្ត	និវត្ត	ន・ិ・វ・ត・្・ត
និវត្តជន	និវត្ត|ជន	ន・ិ・វ・ត・្・ត・ជ・ន
និវត្តនាការ	និវត្ត|នាការ	ន・ិ・វ・ត・្・ត・ន・ា・ក・ា・រ
និវត្តន៍	និវត្តន៍	ន・ិ・វ・ត・្・ត・ន・៍
និស្សយមុត្តកៈ	និស្ស|យមុត្តកៈ	ន・ិ・ស・្・ស・យ・ម・ុ・ត・្・ត・ក・ៈ
និស្សយមុត្តិកា	និស្ស|យមុត្តិកា	ន・ិ・ស・្・ស・យ・ម・ុ・ត・្・ត・ិ・ក・ា
នីតិប្បញ្ញត្តិ	នីតិ|ប្បញ្ញត្តិ	ន・ី・ត・ិ・ប・្・ប・ញ・្・ញ・ត・្・ត・ិ
នីតិប្រតិបត្តិ	នីតិ|ប្រតិបត្តិ	ន・ី・ត・ិ・ប・្・រ・ត・ិ・ប・ត・្・ត・ិ
បកវត្ត	បក|វត្ត	ប・ក・វ・ត・្・ត
បច្ចាមិត្ត	បច្ចា|មិត្ត	ប・ច・្・ច・ា・ម・ិ・ត・្・ត
បច្ឆាភត្ត	បច្ឆា|ភត្ត	ប・ច・្・ឆ・ា・ភ・ត・្・ត
បច្ឆាភត្តកាល	បច្ឆា|ភត្ត|កាល	ប・ច・្・ឆ・ា・ភ・ត・្・ត・ក・ា・ល
បច្ឆាភត្តកិច្ច	បច្ឆា|ភត្ត|កិច្ច	ប・ច・្・ឆ・ា・ភ・ត・្・ត・ក・ិ・ច・្・ច
បច្ឆិមត្តភាព	បច្ឆិម|ត្ត|ភាព	ប・ច・្・ឆ・ិ・ម・ត・្・ត・ភ・ា・ព
បច្ឆិមភវិកសត្ត	បច្ឆិម|ភវិក|សត្ត	ប・ច・្・ឆ・ិ・ម・ភ・វ・ិ・ក・ស・ត・្・ត
បញ្ចាំចិត្ត	បញ្ចាំ|ចិត្ត	ប・ញ・្・ច・ា・ំ・ច・ិ・ត・្・ត
បញ្ជោកចិត្ត	បញ្ជោក|ចិត្ត	ប・ញ・្・ជ・ោ・ក・ច・ិ・ត・្・ត
បញ្ញត្ត	បញ្ញត្ត	ប・ញ・្・ញ・ត・្・ត
បញ្ញត្តិ	បញ្ញត្តិ	ប・ញ・្・ញ・ត・្・ត・ិ
បញ្ញត្តិកម្ម	បញ្ញត្តិ|កម្ម	ប・ញ・្・ញ・ត・្・ត・ិ・ក・ម・្・ម
បញ្ញត្តិករ	បញ្ញត្តិករ	ប・ញ・្・ញ・ត・្・ត・ិ・ក・រ
បញ្ញត្តិ–	បញ្ញត្តិ|–	ប・ញ・្・ញ・ត・្・ត・ិ・–
បដិឃចិត្ត	បដិឃ|ចិត្ត	ប・ដ・ិ・ឃ・ច・ិ・ត・្・ត
បដិបញ្ញត្តិ	បដិបញ្ញត្តិ	ប・ដ・ិ・ប・ញ・្・ញ・ត・្・ត・ិ
បដិបត្តិ	បដិបត្តិ	ប・ដ・ិ・ប・ត・្・ត・ិ
បដិប្បញ្ញត្ត	បដិប្បញ្ញត្ត	ប・ដ・ិ・ប・្・ប・ញ・្・ញ・ត・្・ត
បដិប្បញ្ញត្តិ	បដិប្បញ្ញត្តិ	ប・ដ・ិ・ប・្・ប・ញ・្・ញ・ត・្・ត・ិ
បដិភាគនិមិត្ត	បដិភាគ|និមិត្ត	ប・ដ・ិ・ភ・ា・គ・ន・ិ・ម・ិ・ត・្・ត
បដិវត្ត	បដិវត្ត	ប・ដ・ិ・វ・ត・្・ត
បដិវត្តន៍	បដិវត្តន៍	ប・ដ・ិ・វ・ត・្・ត・ន・៍
បដិវត្តន៍កសិកម្ម	បដិវត្តន៍|កសិ|កម្ម	ប・ដ・ិ・វ・ត・្・ត・ន・៍・ក・ស・ិ・ក・ម・្・ម
បដិវត្តន៍បៃតង	បដិវត្តន៍|បៃតង	ប・ដ・ិ・វ・ត・្・ត・ន・៍・ប・ៃ・ត・ង
បដិវត្តបុគ្គល	បដិវត្ត|បុគ្គល	ប・ដ・ិ・វ・ត・្・ត・ប・ុ・គ・្・គ・ល
បឋមប្បញ្ញត្តិ	បឋម|ប្បញ្ញត្តិ	ប・ឋ・ម・ប・្・ប・ញ・្・ញ・ត・្・ត・ិ
បឋមាវិភត្តិ	បឋ|មាវិភត្តិ	ប・ឋ・ម・ា・វ・ិ・ភ・ត・្・ត・ិ
បណ្ដូលចិត្ត	បណ្ដូល|ចិត្ត	ប・ណ・្・ដ・ូ・ល・ច・ិ・ត・្・ត
បត្តបិណ្ឌិកង្គៈ	បត្ត|បិណ្ឌិកង្គៈ	ប・ត・្・ត・ប・ិ・ណ・្・ឌ・ិ・ក・ង・្・គ・ៈ
បត្តាធារ	បត្តា|ធារ	ប・ត・្・ត・ា・ធ・ា・រ
បត្តានីក	បត្តានីក	ប・ត・្・ត・ា・ន・ី・ក
បត្តានុមោទនាមយៈ	បត្តានុមោទនា|មយៈ	ប・ត・្・ត・ា・ន・ុ・ម・ោ・ទ・ន・ា・ម・យ・ៈ
បត្តិទានមយៈ	បត្តិ|ទាន|មយៈ	ប・ត・្・ត・ិ・ទ・ា・ន・ម・យ・ៈ
បទបញ្ញត្តិ	បទ|បញ្ញត្តិ	ប・ទ・ប・ញ・្・ញ・ត・្・ត・ិ
បទប្បញ្ញត្តិ	បទ|ប្បញ្ញត្តិ	ប・ទ・ប・្・ប・ញ・្・ញ・ត・្・ត・ិ
បទេសបញ្ញត្តិ	បទេស|បញ្ញត្តិ	ប・ទ・េ・ស・ប・ញ・្・ញ・ត・្・ត・ិ
បទេសប្បញ្ញត្តិ	បទេសប្បញ្ញត្តិ	ប・ទ・េ・ស・ប・្・ប・ញ・្・ញ・ត・្・ត・ិ
បន្សុទ្ធចិត្ត	បន្សុទ្ធ|ចិត្ត	ប・ន・្・ស・ុ・ទ・្・ធ・ច・ិ・ត・្・ត
បរិចត្តបុគ្គល	បរិច|ត្ត|បុគ្គល	ប・រ・ិ・ច・ត・្・ត・ប・ុ・គ・្・គ・ល
បរិច្ចត្តគ្រាហក	បរិច្ច|ត្ត|គ្រាហក	ប・រ・ិ・ច・្・ច・ត・្・ត・គ・្・រ・ា・ហ・ក
បរិច្ចត្តបុគ្គល	បរិច្ច|ត្ត|បុគ្គល	ប・រ・ិ・ច・្・ច・ត・្・ត・ប・ុ・គ・្・គ・ល
បរិត្ត	បរិត្ត	ប・រ・ិ・ត・្・ត
បរិត្តផរណា	បរិត្ត|ផរណា	ប・រ・ិ・ត・្・ត・ផ・រ・ណ・ា
បរិត្តផរណាករ	បរិត្ត|ផរណាករ	ប・រ・ិ・ត・្・ត・ផ・រ・ណ・ា・ក・រ
បរិយត្តិ	បរិយត្តិ	ប・រ・ិ・យ・ត・្・ត・ិ
បរិយត្តិធម៌	បរិយត្តិ|ធម៌	ប・រ・ិ・យ・ត・្・ត・ិ・ធ・ម・៌
បរិវត្តន៍	បរិវត្តន៍	ប・រ・ិ・វ・ត・្・ត・ន・៍
បរិវត្តន៍វប្បធម៌	បរិវត្តន៍|វប្បធម៌	ប・រ・ិ・វ・ត・្・ត・ន・៍・វ・ប・្・ប・ធ・ម・៌
បវត្តិ	បវត្តិ	ប・វ・ត・្・ត・ិ
បវត្តិការណ៍	បវត្តិ|ការណ៍	ប・វ・ត・្・ត・ិ・ក・ា・រ・ណ・៍
បវត្តិកាល	បវត្តិ|កាល	ប・វ・ត・្・ត・ិ・ក・ា・ល
បវត្តិរូប	បវត្តិ|រូប	ប・វ・ត・្・ត・ិ・រ・ូ・ប
បវត្តិសាស្ត្រ	បវត្តិ|សាស្ត្រ	ប・វ・ត・្・ត・ិ・ស・ា・ស・្・ត・្・រ
បវត្តិហេតុ	បវត្តិ|ហេតុ	ប・វ・ត・្・ត・ិ・ហ・េ・ត・ុ
បាក់ចិត្ត	បាក់|ចិត្ត	ប・ា・ក・់・ច・ិ・ត・្・ត
បាចិត្តិយៈ	បាចិត្តិយៈ	ប・ា・ច・ិ・ត・្・ត・ិ・យ・ៈ
បានចិត្ត	បាន|ចិត្ត	ប・ា・ន・ច・ិ・ត・្・ត
បាបចិត្ត	បាប|ចិត្ត	ប・ា・ប・ច・ិ・ត・្・ត
បាបមិត្ត	បាប|មិត្ត	ប・ា・ប・ម・ិ・ត・្・ត
បាយបត្តបូរ	បាយ|បត្ត|បូរ	ប・ា・យ・ប・ត・្・ត・ប・ូ・រ
បារាជិកាបត្តិ	បារាជិកាបត្តិ	ប・ា・រ・ា・ជ・ិ・ក・ា・ប・ត・្・ត・ិ
បិណ្ឌបាតចារិកវត្ត	បិណ្ឌ|បាត|ចារិក|វត្ត	ប・ិ・ណ・្・ឌ・ប・ា・ត・ច・ា・រ・ិ・ក・វ・ត・្・ត
បិត្តបូរ	បិត្ត|បូរ	ប・ិ・ត・្・ត・ប・ូ・រ
បិត្តាស័យ	បិត្តា|ស័យ	ប・ិ・ត・្・ត・ា・ស・័・យ
បិត្តុម្មត្តកៈ	បិត្តុម្មត្តកៈ	ប・ិ・ត・្・ត・ុ・ម・្・ម・ត・្・ត・ក・ៈ
បិត្តុម្មត្តកៈ	បិត្តុម្មត្តកៈ	ប・ិ・ត・្・ត・ុ・ម・្・ម・ត・្・ត・ក・ៈ
បិសាចុម្មត្តកៈ	បិសា|ចុម្មត្តកៈ	ប・ិ・ស・ា・ច・ុ・ម・្・ម・ត・្・ត・ក・ៈ
បុគ្គលប្បញ្ញត្តិ	បុគ្គល|ប្បញ្ញត្តិ	ប・ុ・គ・្・គ・ល・ប・្・ប・ញ・្・ញ・ត・្・ត・ិ
បុញ្ញក្ខេត្ត	បុញ្ញ|ក្ខេត្ត	ប・ុ・ញ・្・ញ・ក・្・ខ・េ・ត・្・ត
បុត្ត	បុត្ត	ប・ុ・ត・្・ត
បុត្តភាព	បុត្ត|ភាព	ប・ុ・ត・្・ត・ភ・ា・ព
បុត្តលាភ	បុត្ត|លាភ	ប・ុ・ត・្・ត・ល・ា・ភ
បុត្តវិប្បយោគ	បុត្ត|វិប្ប|យោគ	ប・ុ・ត・្・ត・វ・ិ・ប・្・ប・យ・ោ・គ
បុត្តា	បុត្តា	ប・ុ・ត・្・ត・ា
បុត្តាធីន	បុត្តា|ធីន	ប・ុ・ត・្・ត・ា・ធ・ី・ន
បុនរាព្រឹត្តិ	បុន|រា|ព្រឹត្តិ	ប・ុ・ន・រ・ា・ព・្・រ・ឹ・ត・្・ត・ិ
បុនរុត្តិ	បុន|រុត្តិ	ប・ុ・ន・រ・ុ・ត・្・ត・ិ
បុនរុត្តិវិធី	បុន|រុត្តិ|វិធី	ប・ុ・ន・រ・ុ・ត・្・ត・ិ・វ・ិ・ធ・ី
បុព្វនិមិត្ត	បុព្វ|និមិត្ត	ប・ុ・ព・្・វ・ន・ិ・ម・ិ・ត・្・ត
បុព្វភាគបដិបត្តិ	បុព្វ|ភាគ|បដិបត្តិ	ប・ុ・ព・្・វ・ភ・ា・គ・ប・ដ・ិ・ប・ត・្・ត・ិ
បុព្វភាគប្រតិបត្តិ	បុព្វ|ភាគ|ប្រតិបត្តិ	ប・ុ・ព・្・វ・ភ・ា・គ・ប・្・រ・ត・ិ・ប・ត・្・ត・ិ
បុរេប្រវត្តិ	បុរេ|ប្រវត្តិ	ប・ុ・រ・េ・ប・្・រ・វ・ត・្・ត・ិ
បុរេប្រវត្តិវិទូ	បុរេ|ប្រវត្តិ|វិទូ	ប・ុ・រ・េ・ប・្・រ・វ・ត・្・ត・ិ・វ・ិ・ទ・ូ
បុរេប្រវត្តិវិទ្យា	បុរេ|ប្រវត្តិ|វិទ្យា	ប・ុ・រ・េ・ប・្・រ・វ・ត・្・ត・ិ・វ・ិ・ទ・្・យ・ា
បុរេប្រវត្តិសាស្រ្ត	បុរេ|ប្រវត្តិ|សាស្រ្ត	ប・ុ・រ・េ・ប・្・រ・វ・ត・្・ត・ិ・ស・ា・ស・្・រ・្・ត
បុរេភត្ត	បុរេ|ភត្ត	ប・ុ・រ・េ・ភ・ត・្・ត
បុរេភត្តកាល	បុរេ|ភត្ត|កាល	ប・ុ・រ・េ・ភ・ត・្・ត・ក・ា・ល
បុរេភត្តកិច្ច	បុរេ|ភត្ត|កិច្ច	ប・ុ・រ・េ・ភ・ត・្・ត・ក・ិ・ច・្・ច
បូព៌និមិត្ត	បូព៌|និមិត្ត	ប・ូ・ព・៌・ន・ិ・ម・ិ・ត・្・ត
បេត្តេយ្យកា	បេត្តេយ្យ|កា	ប・េ・ត・្・ត・េ・យ・្・យ・ក・ា
បែកចិត្ត	បែក|ចិត្ត	ប・ែ・ក・ច・ិ・ត・្・ត
បែរចិត្ត	បែរ|ចិត្ត	ប・ែ・រ・ច・ិ・ត・្・ត
បំពុលចិត្ត	បំពុល|ចិត្ត	ប・ំ・ព・ុ・ល・ច・ិ・ត・្・ត
ប្រកាសទ្រព្យសម្បត្តិ	ប្រកាស|ទ្រព្យ|សម្បត្តិ	ប・្・រ・ក・ា・ស・ទ・្・រ・ព・្・យ・ស・ម・្・ប・ត・្・ត・ិ
ប្រចិត្ត	ប្រចិត្ត	ប・្・រ・ច・ិ・ត・្・ត
ប្រតិបដិវត្តន៍	ប្រតិបដិវត្តន៍	ប・្・រ・ត・ិ・ប・ដ・ិ・វ・ត・្・ត・ន・៍
ប្រតិបត្តករ	ប្រតិបត្តករ	ប・្・រ・ត・ិ・ប・ត・្・ត・ក・រ
ប្រតិបត្តិ	ប្រតិបត្តិ	ប・្・រ・ត・ិ・ប・ត・្・ត・ិ
ប្រតិបត្តិករ	ប្រតិបត្តិករ	ប・្・រ・ត・ិ・ប・ត・្・ត・ិ・ក・រ
ប្រតិបត្តិករផ្នែកលក់	ប្រតិបត្តិករ|ផ្នែក|លក់	ប・្・រ・ត・ិ・ប・ត・្・ត・ិ・ក・រ・ផ・្・ន・ែ・ក・ល・ក・់
ប្រតិបត្តិនិយម	ប្រតិបត្តិ|និយម	ប・្・រ・ត・ិ・ប・ត・្・ត・ិ・ន・ិ・យ・ម
ប្រព្រឹត្ត	ប្រព្រឹត្ត	ប・្・រ・ព・្・រ・ឹ・ត・្・ត
ប្រព្រឹត្តការណ៍	ប្រព្រឹត្ត|ការណ៍	ប・្・រ・ព・្・រ・ឹ・ត・្・ត・ក・ា・រ・ណ・៍
ប្រព្រឹត្តមិនឱ្យល្អៀងអំពីព្រត	ប្រព្រឹត្ត|មិន|ឱ្យ|ល្អៀង|អំពី|ព្រត	ប・្・រ・ព・្・រ・ឹ・ត・្・ត・ម・ិ・ន・ឱ・្・យ・ល・្・អ・ៀ・ង・អ・ំ・ព・ី・ព・្・រ・ត
ប្រព្រឹត្តិ	ប្រព្រឹត្តិ	ប・្・រ・ព・្・រ・ឹ・ត・្・ត・ិ
ប្រព្រឹត្តិកម្ម	ប្រព្រឹត្តិ|កម្ម	ប・្・រ・ព・្・រ・ឹ・ត・្・ត・ិ・ក・ម・្・ម
ប្រព្រឹត្តិការ	ប្រព្រឹត្តិ|ការ	ប・្・រ・ព・្・រ・ឹ・ត・្・ត・ិ・ក・ា・រ
ប្រព្រឹត្តិការណ៍	ប្រព្រឹត្តិ|ការណ៍	ប・្・រ・ព・្・រ・ឹ・ត・្・ត・ិ・ក・ា・រ・ណ・៍
ប្រព្រឹត្តិហេតុ	ប្រព្រឹត្តិ|ហេតុ	ប・្・រ・ព・្・រ・ឹ・ត・្・ត・ិ・ហ・េ・ត・ុ
ប្រយោគវិបត្តិ	ប្រយោគ|វិបត្តិ	ប・្・រ・យ・ោ・គ・វ・ិ・ប・ត・្・ត・ិ
ប្រយោគសម្បត្តិ	ប្រយោគ|សម្បត្តិ	ប・្・រ・យ・ោ・គ・ស・ម・្・ប・ត・្・ត・ិ
ប្រវត្តិ	ប្រវត្តិ	ប・្・រ・វ・ត・្・ត・ិ
ប្រវត្តិរូប	ប្រវត្តិ|រូប	ប・្・រ・វ・ត・្・ត・ិ・រ・ូ・ប
ប្រវត្តិវិទ្យា	ប្រវត្តិ|វិទ្យា	ប・្・រ・វ・ត・្・ត・ិ・វ・ិ・ទ・្・យ・ា
ប្រវត្តិសាស្ត្រ	ប្រវត្តិ|សាស្ត្រ	ប・្・រ・វ・ត・្・ត・ិ・ស・ា・ស・្・ត・្・រ
ប្រវត្តិសាស្ត្រិន	ប្រវត្តិ|សាស្ត្រិន	ប・្・រ・វ・ត・្・ត・ិ・ស・ា・ស・្・ត・្・រ・ិ・ន
ប្រវត្តិហេតុ	ប្រវត្តិ|ហេតុ	ប・្・រ・វ・ត・្・ត・ិ・ហ・េ・ត・ុ
ប្រសើរឧត្តម	ប្រសើរ|ឧត្តម	ប・្・រ・ស・ើ・រ・ឧ・ត・្・ត・ម
ប្រាក់លើកទឹកចិត្ត	ប្រាក់|លើក|ទឹក|ចិត្ត	ប・្・រ・ា・ក・់・ល・ើ・ក・ទ・ឹ・ក・ច・ិ・ត・្・ត
ប្រាក់សោធននិវត្ត	ប្រាក់|សោធន|និវត្ត	ប・្・រ・ា・ក・់・ស・ោ・ធ・ន・ន・ិ・វ・ត・្・ត
ប្រិយមិត្ត	ប្រិយ|មិត្ត	ប・្・រ・ិ・យ・ម・ិ・ត・្・ត
ប្រែចិត្ត	ប្រែ|ចិត្ត	ប・្・រ・ែ・ច・ិ・ត・្・ត
ប្លុងចិត្ត	ប្លុង|ចិត្ត	ប・្・ល・ុ・ង・ច・ិ・ត・្・ត
ផលចិត្ត	ផល|ចិត្ត	ផ・ល・ច・ិ・ត・្・ត
ផលស្រូវឧត្តម	ផល|ស្រូវ|ឧត្តម	ផ・ល・ស・្・រ・ូ・វ・ឧ・ត・្・ត・ម
ផ្ចង់ចិត្ត	ផ្ចង់|ចិត្ត	ផ・្・ច・ង・់・ច・ិ・ត・្・ត
ផ្ដេកចិត្ត	ផ្ដេក|ចិត្ត	ផ・្・ដ・េ・ក・ច・ិ・ត・្・ត
ផ្ដោតចិត្ត	ផ្ដោត|ចិត្ត	ផ・្・ដ・ោ・ត・ច・ិ・ត・្・ត
ផ្លូវខេត្ត	ផ្លូវ|ខេត្ត	ផ・្・ល・ូ・វ・ខ・េ・ត・្・ត
ពង្សប្រព្រឹត្ត	ពង្ស|ប្រព្រឹត្ត	ព・ង・្・ស・ប・្・រ・ព・្・រ・ឹ・ត・្・ត
ពង្សប្រព្រឹត្តិ	ពង្ស|ប្រព្រឹត្តិ	ព・ង・្・ស・ប・្・រ・ព・្・រ・ឹ・ត・្・ត・ិ
ពង្សប្រវត្តិ	ពង្ស|ប្រវត្តិ	ព・ង・្・ស・ប・្・រ・វ・ត・្・ត・ិ
ពង្សពូជឧត្តម	ពង្ស|ពូជ|ឧត្តម	ព・ង・្・ស・ព・ូ・ជ・ឧ・ត・្・ត・ម
ពត់ចិត្ត	ពត់|ចិត្ត	ព・ត・់・ច・ិ・ត・្・ត
ពិសាក្រៃណានឹងឃ្លាន អាក្រក់អម្បាលម៉ានក្រៃណានឹងគាប់ចិត្ត	ពិសា|ក្រៃ|ណា|នឹង|ឃ្លាន| |អាក្រក់|អម្បាល|ម៉ាន|ក្រៃ|ណា|នឹង|គាប់|ចិត្ត	ព・ិ・ស・ា・ក・្・រ・ៃ・ណ・ា・ន・ឹ・ង・ឃ・្・ល・ា・ន・ ・អ・ា・ក・្・រ・ក・់・អ・ម・្・ប・ា・ល・ម・៉・ា・ន・ក・្・រ・ៃ・ណ・ា・ន・ឹ・ង・គ・ា・ប・់・ច・ិ・ត・្・ត
ពីជបត្ត	ពី|ជបត្ត	ព・ី・ជ・ប・ត・្・ត
ពុទ្ធបញ្ញត្តិ	ពុទ្ធ|បញ្ញត្តិ	ព・ុ・ទ・្・ធ・ប・ញ・្・ញ・ត・្・ត・ិ
ពុទ្ធបវត្តិ	ពុទ្ធ|បវត្តិ	ព・ុ・ទ・្・ធ・ប・វ・ត・្・ត・ិ
ពុទ្ធបុត្ត	ពុទ្ធ|បុត្ត	ព・ុ・ទ・្・ធ・ប・ុ・ត・្・ត
ពុទ្ធប្បញ្ញត្តិ	ពុទ្ធ|ប្បញ្ញត្តិ	ព・ុ・ទ・្・ធ・ប・្・ប・ញ・្・ញ・ត・្・ត・ិ
ពុទ្ធប្បវត្តិ	ពុទ្ធ|ប្បវត្តិ	ព・ុ・ទ・្・ធ・ប・្・ប・វ・ត・្・ត・ិ
ពុទ្ធប្រវត្តិ	ពុទ្ធ|ប្រវត្តិ	ព・ុ・ទ・្・ធ・ប・្・រ・វ・ត・្・ត・ិ
ពុទ្ធសាសនប្បវត្តិ	ពុទ្ធ|សាសន|ប្បវត្តិ	ព・ុ・ទ・្・ធ・ស・ា・ស・ន・ប・្・ប・វ・ត・្・ត・ិ
ពុរចិត្ត	ពុរ|ចិត្ត	ព・ុ・រ・ច・ិ・ត・្・ត
ពូជពង្សឧត្តម	ពូជ|ពង្ស|ឧត្តម	ព・ូ・ជ・ព・ង・្・ស・ឧ・ត・្・ត・ម
ពេញចិត្ត	ពេញ|ចិត្ត	ព・េ・ញ・ច・ិ・ត・្・ត
ព្យត្តបុគ្គល	ព្យ|ត្ត|បុគ្គល	ព・្・យ・ត・្・ត・ប・ុ・គ・្・គ・ល
ព្យត្តភាព	ព្យ|ត្ត|ភាព	ព・្・យ・ត・្・ត・ភ・ា・ព
ព្យត្តវោហារ	ព្យ|ត្ត|វោហារ	ព・្・យ・ត・្・ត・វ・ោ・ហ・ា・រ
ព្រហ្មទត្ត	ព្រហ្ម|ទត្ត	ព・្・រ・ហ・្・ម・ទ・ត・្・ត
ព្រឹត្តិ	ព្រឹត្តិ	ព・្・រ・ឹ・ត・្・ត・ិ
ព្រឹត្តិការ	ព្រឹត្តិ|ការ	ព・្・រ・ឹ・ត・្・ត・ិ・ក・ា・រ
ព្រឹត្តិការណ៍	ព្រឹត្តិ|ការណ៍	ព・្・រ・ឹ・ត・្・ត・ិ・ក・ា・រ・ណ・៍
ព្រឹត្តិការិកា	ព្រឹត្តិ|ការិកា	ព・្・រ・ឹ・ត・្・ត・ិ・ក・ា・រ・ិ・ក・ា
ព្រឹត្តិកាល	ព្រឹត្តិ|កាល	ព・្・រ・ឹ・ត・្・ត・ិ・ក・ា・ល
ព្រឹត្តិបត្រ	ព្រឹត្តិ|បត្រ	ព・្・រ・ឹ・ត・្・ត・ិ・ប・ត・្・រ
ព្រួយចិត្ត	ព្រួយ|ចិត្ត	ព・្・រ・ួ・យ・ច・ិ・ត・្・ត
ភត្ត	ភត្ត	ភ・ត・្・ត
ភត្តការ	ភត្ត|ការ	ភ・ត・្・ត・ក・ា・រ
ភត្តការិកា	ភត្ត|ការិកា	ភ・ត・្・ត・ក・ា・រ・ិ・ក・ា
ភត្តការិនី	ភត្ត|ការិនី	ភ・ត・្・ត・ក・ា・រ・ិ・ន・ី
ភត្តការី	ភត្ត|ការី	ភ・ត・្・ត・ក・ា・រ・ី
ភត្តកាល	ភត្ត|កាល	ភ・ត・្・ត・ក・ា・ល
ភត្តកិច្ច	ភត្ត|កិច្ច	ភ・ត・្・ត・ក・ិ・ច・្・ច
ភត្តតិរែក	ភត្ត|តិរែក	ភ・ត・្・ត・ត・ិ・រ・ែ・ក
ភត្តាគារ	ភត្តា|គារ	ភ・ត・្・ត・ា・គ・ា・រ
ភត្តានុមោទនា	ភត្តានុមោទនា	ភ・ត・្・ត・ា・ន・ុ・ម・ោ・ទ・ន・ា
ភត្តាភិហារ	ភត្តា|ភិហារ	ភ・ត・្・ត・ា・ភ・ិ・ហ・ា・រ
ភត្តាវសាន	ភត្តាវ|សាន	ភ・ត・្・ត・ា・វ・ស・ា・ន
ភត្តាហារ	ភត្តាហារ	ភ・ត・្・ត・ា・ហ・ា・រ
ភត្តុទ្ទេសកៈ	ភត្តុទ្ទេសកៈ	ភ・ត・្・ត・ុ・ទ・្・ទ・េ・ស・ក・ៈ
ភត្តុទ្ទេសក៍	ភត្តុទ្ទេសក៍	ភ・ត・្・ត・ុ・ទ・្・ទ・េ・ស・ក・៍
ភត្ត–	ភត្ត|–	ភ・ត・្・ត・–
ភាតុបុត្ត	ភាតុ|បុត្ត	ភ・ា・ត・ុ・ប・ុ・ត・្・ត
ភាសាបរិវត្តកៈ	ភាសា|បរិវត្តកៈ	ភ・ា・ស・ា・ប・រ・ិ・វ・ត・្・ត・ក・ៈ
ភាសាបរិវត្តន៍	ភាសា|បរិវត្តន៍	ភ・ា・ស・ា・ប・រ・ិ・វ・ត・្・ត・ន・៍
ភាសាបរិវត្តិកា	ភាសា|បរិវត្តិកា	ភ・ា・ស・ា・ប・រ・ិ・វ・ត・្・ត・ិ・ក・ា
ភិក្ខាចារវត្ត	ភិក្ខាចារ|វត្ត	ភ・ិ・ក・្・ខ・ា・ច・ា・រ・វ・ត・្・ត
ភិក្ខុសម្ដែងអាបត្តិ	ភិក្ខុ|សម្ដែង|អាបត្តិ	ភ・ិ・ក・្・ខ・ុ・ស・ម・្・ដ・ែ・ង・អ・ា・ប・ត・្・ត・ិ
ភុត្តសេស	ភុត្ត|សេស	ភ・ុ・ត・្・ត・ស・េ・ស
ភុត្តាវសេស	ភុត្តាវ|សេស	ភ・ុ・ត・្・ត・ា・វ・ស・េ・ស
មគ្គចិត្ត	មគ្គ|ចិត្ត	ម・គ・្・គ・ច・ិ・ត・្・ត
មច្ឆេរចិត្ត	មច្ឆេរ|ចិត្ត	ម・ច・្・ឆ・េ・រ・ច・ិ・ត・្・ត
មជ្ឈត្តកម្ម	មជ្ឈត្ត|កម្ម	ម・ជ・្・ឈ・ត・្・ត・ក・ម・្・ម
មជ្ឈត្តករ	មជ្ឈត្តករ	ម・ជ・្・ឈ・ត・្・ត・ក・រ
មជ្ឈត្តការ	មជ្ឈត្ត|ការ	ម・ជ・្・ឈ・ត・្・ត・ក・ា・រ
មជ្ឈត្តនិយម	មជ្ឈត្ត|និយម	ម・ជ・្・ឈ・ត・្・ត・ន・ិ・យ・ម
មជ្ឈត្តភាព	មជ្ឈត្ត|ភាព	ម・ជ・្・ឈ・ត・្・ត・ភ・ា・ព
មជ្ឈត្តវិនិច្ឆ័យ	មជ្ឈត្ត|វិនិច្ឆ័យ	ម・ជ・្・ឈ・ត・្・ត・វ・ិ・ន・ិ・ច・្・ឆ・័・យ
មជ្ឈត្តារម្មណ៍	មជ្ឈត្តារម្មណ៍	ម・ជ・្・ឈ・ត・្・ត・ា・រ・ម・្・ម・ណ・៍
មជ្ឈត្តិកៈ	មជ្ឈត្តិកៈ	ម・ជ・្・ឈ・ត・្・ត・ិ・ក・ៈ
មតកភត្ត	មតក|ភត្ត	ម・ត・ក・ភ・ត・្・ត
មត្តញ្ញុតា	មត្តញ្ញុតា	ម・ត・្・ត・ញ・្・ញ・ុ・ត・ា
មត្តញ្ញូ	មត្តញ្ញូ	ម・ត・្・ត・ញ・្・ញ・ូ
មត្តិកា	មត្តិកា	ម・ត・្・ត・ិ・ក・ា
មត្តិកាភណ្ឌ	មត្តិកា|ភណ្ឌ	ម・ត・្・ត・ិ・ក・ា・ភ・ណ・្・ឌ
មត្តិកាភាជន៍	មត្តិកាភាជន៍	ម・ត・្・ត・ិ・ក・ា・ភ・ា・ជ・ន・៍
មត្តេយ្យកា	មត្តេយ្យ|កា	ម・ត・្・ត・េ・យ・្・យ・ក・ា
មត្តេយ្យកៈ	មត្តេយ្យកៈ	ម・ត・្・ត・េ・យ・្・យ・ក・ៈ
មត្តេយ្យដ្ឋាន	មត្តេយ្យ|ដ្ឋាន	ម・ត・្・ត・េ・យ・្・យ・ដ・្・ឋ・ា・ន
មត្តេយ្យសិក្សា	មត្តេយ្យ|សិក្សា	ម・ត・្・ត・េ・យ・្・យ・ស・ិ・ក・្・ស・ា
មនុស្សមានវត្តល្អ	មនុស្ស|មាន|វត្ត|ល្អ	ម・ន・ុ・ស・្・ស・ម・ា・ន・វ・ត・្・ត・ល・្・អ
មនុស្សឧត្តរិ	មនុស្ស|ឧត្តរិ	ម・ន・ុ・ស・្・ស・ឧ・ត・្・ត・រ・ិ
មន្ត្រីកិត្តិយស	មន្ត្រី|កិត្តិ|យស	ម・ន・្・ត・្・រ・ី・ក・ិ・ត・្・ត・ិ・យ・ស
មហត្តរស	មហត្តរស	ម・ហ・ត・្・ត・រ・ស
មហាខត្តិយវង្ស	មហា|ខត្តិយ|វង្ស	ម・ហ・ា・ខ・ត・្・ត・ិ・យ・វ・ង・្・ស
មហាចក្រពត្តិ	មហា|ចក្រពត្តិ	ម・ហ・ា・ច・ក・្・រ・ព・ត・្・ត・ិ
មហាមិត្ត	មហា|មិត្ត	ម・ហ・ា・ម・ិ・ត・្・ត
មហាសត្ត	មហា|សត្ត	ម・ហ・ា・ស・ត・្・ត
មហាសារីបុត្ត	មហា|សារីបុត្ត	ម・ហ・ា・ស・ា・រ・ី・ប・ុ・ត・្・ត
មហេសក្ខទេវបុត្ត	មហេស|ក្ខ|ទេវ|បុត្ត	ម・ហ・េ・ស・ក・្・ខ・ទ・េ・វ・ប・ុ・ត・្・ត
មាតុភូមិនិវត្តន៍	មាតុ|ភូមិ|និវត្តន៍	ម・ា・ត・ុ・ភ・ូ・ម・ិ・ន・ិ・វ・ត・្・ត・ន・៍
មានចិត្ត	មាន|ចិត្ត	ម・ា・ន・ច・ិ・ត・្・ត
មានចិត្តមានថ្លើម	មាន|ចិត្ត|មាន|ថ្លើម	ម・ា・ន・ច・ិ・ត・្・ត・ម・ា・ន・ថ・្・ល・ើ・ម
មានសម្បត្តិ	មាន|សម្បត្តិ	ម・ា・ន・ស・ម・្・ប・ត・្・ត・ិ
មាសានុប្បវត្តិ	មាសានុប្បវត្តិ	ម・ា・ស・ា・ន・ុ・ប・្・ប・វ・ត・្・ត・ិ
មាសានុប្រព្រឹត្តិ	មាសានុប្រព្រឹត្តិ	ម・ា・ស・ា・ន・ុ・ប・្・រ・ព・្・រ・ឹ・ត・្・ត・ិ
មិត្ត	មិត្ត	ម・ិ・ត・្・ត
មិត្តទ្រុស្ត	មិត្ត|ទ្រុស្ត	ម・ិ・ត・្・ត・ទ・្・រ・ុ・ស・្・ត
មិត្តទ្រុះ	មិត្ត|ទ្រុះ	ម・ិ・ត・្・ត・ទ・្・រ・ុ・ះ
មិត្តប្រចុប	មិត្ត|ប្រចុប	ម・ិ・ត・្・ត・ប・្・រ・ច・ុ・ប
មិត្តភាណិនី	មិត្ត|ភាណិនី	ម・ិ・ត・្・ត・ភ・ា・ណ・ិ・ន・ី
មិត្តភាព	មិត្ត|ភាព	ម・ិ・ត・្・ត・ភ・ា・ព
មិត្តភេទ	មិត្ត|ភេទ	ម・ិ・ត・្・ត・ភ・េ・ទ
មិត្តភ្ងា	មិត្ត|ភ្ងា	ម・ិ・ត・្・ត・ភ・្・ង・ា
មិត្តលាភ	មិត្ត|លាភ	ម・ិ・ត・្・ត・ល・ា・ភ
មិត្តវិន្ទ	មិត្ត|វិន្ទ	ម・ិ・ត・្・ត・វ・ិ・ន・្・ទ
មិត្តសន្ថវភាព	មិត្ត|សន្ថវ|ភាព	ម・ិ・ត・្・ត・ស・ន・្・ថ・វ・ភ・ា・ព
មិត្តូបត្ថម្ភ	មិត្តូបត្ថម្ភ	ម・ិ・ត・្・ត・ូ・ប・ត・្・ថ・ម・្・ភ
មិត្តោបត្ថម្ភ	មិត្តោបត្ថម្ភ	ម・ិ・ត・្・ត・ោ・ប・ត・្・ថ・ម・្・ភ
មិនស្កាំចិត្ត	មិន|ស្កាំ|ចិត្ត	ម・ិ・ន・ស・្・ក・ា・ំ・ច・ិ・ត・្・ត
មិនស្កៀបចិត្ត	មិន|ស្កៀប|ចិត្ត	ម・ិ・ន・ស・្・ក・ៀ・ប・ច・ិ・ត・្・ត
មុត្តា	មុត្តា	ម・ុ・ត・្・ត・ា
មុត្តាយតនៈ	មុត្តាយ|តនៈ	ម・ុ・ត・្・ត・ា・យ・ត・ន・ៈ
មុត្តាស័យ	មុត្តាស័យ	ម・ុ・ត・្・ត・ា・ស・័・យ
មុត្តាហារ	មុត្តាហារ	ម・ុ・ត・្・ត・ា・ហ・ា・រ
មុទិតាចិត្ត	មុទិតា|ចិត្ត	ម・ុ・ទ・ិ・ត・ា・ច・ិ・ត・្・ត
មុទុចិត្ត	មុទុចិត្ត	ម・ុ・ទ・ុ・ច・ិ・ត・្・ត
មុទ្ធាភិសិត្ត	មុទ្ធាភិសិត្ត	ម・ុ・ទ・្・ធ・ា・ភ・ិ・ស・ិ・ត・្・ត
មុទ្ធាភិសិត្តរាជ	មុទ្ធាភិសិត្ត|រាជ	ម・ុ・ទ・្・ធ・ា・ភ・ិ・ស・ិ・ត・្・ត・រ・ា・ជ
មុហុត្តវិជាតវាទី	មុហុត្ត|វិជាត|វាទី	ម・ុ・ហ・ុ・ត・្・ត・វ・ិ・ជ・ា・ត・វ・ា・ទ・ី
មូគវត្ត	មូគ|វត្ត	ម・ូ・គ・វ・ត・្・ត
មូលចិត្ត	មូល|ចិត្ត	ម・ូ・ល・ច・ិ・ត・្・ត
មេត្តា	មេត្តា	ម・េ・ត・្・ត・ា
មេត្តាកាយកម្ម	មេត្តា|កាយ|កម្ម	ម・េ・ត・្・ត・ា・ក・ា・យ・ក・ម・្・ម
មេត្តាចិត្ត	មេត្តា|ចិត្ត	ម・េ・ត・្・ត・ា・ច・ិ・ត・្・ត
មេត្តាចិត្ត	មេត្តា|ចិត្ត	ម・េ・ត・្・ត・ា・ច・ិ・ត・្・ត
មេត្តាធម៌	មេត្តា|ធម៌	ម・េ・ត・្・ត・ា・ធ・ម・៌
មេត្តាបារមី	មេត្តា|បារមី	ម・េ・ត・្・ត・ា・ប・ា・រ・ម・ី
មេត្តាប្រោស	មេត្តា|ប្រោស	ម・េ・ត・្・ត・ា・ប・្・រ・ោ・ស
មេត្តាភាវនា	មេត្តា|ភាវនា	ម・េ・ត・្・ត・ា・ភ・ា・វ・ន・ា
មេត្តាមនោកម្ម	មេត្តាម|នោកម្ម	ម・េ・ត・្・ត・ា・ម・ន・ោ・ក・ម・្・ម
មេត្តាវចីកម្ម	មេត្តាវ|ចី|កម្ម	ម・េ・ត・្・ត・ា・វ・ច・ី・ក・ម・្・ម
មេត្តាវចីកម្ម,	មេត្តាវ|ចី|កម្ម|,	ម・េ・ត・្・ត・ា・វ・ច・ី・ក・ម・្・ម・,
មេត្តាវិហារិនី	មេត្តា|វិហារិនី	ម・េ・ត・្・ត・ា・វ・ិ・ហ・ា・រ・ិ・ន・ី
មេត្តាវិហារី	មេត្តា|វិហារី	ម・េ・ត・្・ត・ា・វ・ិ・ហ・ា・រ・ី
មេត្រីចិត្ត	មេត្រី|ចិត្ត	ម・េ・ត・្・រ・ី・ច・ិ・ត・្・ត
មេវត្ត	មេ|វត្ត	ម・េ・វ・ត・្・ត
មោហចិត្ត	មោហ|ចិត្ត	ម・ោ・ហ・ច・ិ・ត・្・ត
ម៉ាស៊ីនប្រតិបត្តិការធនាគារស្វ័យប្រវត្ត	ម៉ាស៊ីន|ប្រតិបត្តិការ|ធនាគារ|ស្វ័យ|ប្រវត្ត	ម・៉・ា・ស・៊・ី・ន・ប・្・រ・ត・ិ・ប・ត・្・ត・ិ・ក・ា・រ・ធ・ន・ា・គ・ា・រ・ស・្・វ・័・យ・ប・្・រ・វ・ត・្・ត
ម៉ាស៊ីនប្រតិបត្តិការធនាគារស្វ័យប្រវត្ត	ម៉ាស៊ីន|ប្រតិបត្តិការ|ធនាគារ|ស្វ័យ|ប្រវត្ត	ម・៉・ា・ស・៊・ី・ន・ប・្・រ・ត・ិ・ប・ត・្・ត・ិ・ក・ា・រ・ធ・ន・ា・គ・ា・រ・ស・្・វ・័・យ・ប・្・រ・វ・ត・្・ត
យកចិត្ត	យក|ចិត្ត	យ・ក・ច・ិ・ត・្・ត
យកចិត្តទុកដាក់	យក|ចិត្ត|ទុក|ដាក់	យ・ក・ច・ិ・ត・្・ត・ទ・ុ・ក・ដ・ា・ក・់
យកចិត្តយកថ្លើម	យក|ចិត្ត|យក|ថ្លើម	យ・ក・ច・ិ・ត・្・ត・យ・ក・ថ・្・ល・ើ・ម
យកវត្តគ្រូ	យក|វត្ត|គ្រូ	យ・ក・វ・ត・្・ត・គ・្・រ・ូ
យកអរុណក្នុងវត្ត	យក|អរុណ|ក្នុង|វត្ត	យ・ក・អ・រ・ុ・ណ・ក・្・ន・ុ・ង・វ・ត・្・ត
យក្ខុម្មត្តកៈ	យក្ខុ|ម្មត្តកៈ	យ・ក・្・ខ・ុ・ម・្・ម・ត・្・ត・ក・ៈ
យមកបុត្ត	យមក|បុត្ត	យ・ម・ក・ប・ុ・ត・្・ត
យល់ចិត្ត	យល់|ចិត្ត	យ・ល・់・ច・ិ・ត・្・ត
យាបនមត្ត	យាបន|មត្ត	យ・ា・ប・ន・ម・ត・្・ត
យុត្តកម្ម	យុត្ត|កម្ម	យ・ុ・ត・្・ត・ក・ម・្・ម
យុត្តការណ៍	យុត្ត|ការណ៍	យ・ុ・ត・្・ត・ក・ា・រ・ណ・៍
យុត្តកិច្ច	យុត្ត|កិច្ច	យ・ុ・ត・្・ត・ក・ិ・ច・្・ច
យុត្តក្រឹត្យ	យុត្ត|ក្រឹត្យ	យ・ុ・ត・្・ត・ក・្・រ・ឹ・ត・្・យ
យុត្តចិន្តា	យុត្ត|ចិន្តា	យ・ុ・ត・្・ត・ច・ិ・ន・្・ត・ា
យុត្តមតិ	យុត្តម|តិ	យ・ុ・ត・្・ត・ម・ត・ិ
យុត្តវាចា	យុត្ត|វាចា	យ・ុ・ត・្・ត・វ・ា・ច・ា
យុត្តវាទ	យុត្ត|វាទ	យ・ុ・ត・្・ត・វ・ា・ទ
យុត្តវាទិនី	យុត្ត|វា|ទិនី	យ・ុ・ត・្・ត・វ・ា・ទ・ិ・ន・ី
យុត្តវាទី	យុត្ត|វាទី	យ・ុ・ត・្・ត・វ・ា・ទ・ី
យុត្តសង្គ្រាម	យុត្ត|សង្គ្រាម	យ・ុ・ត・្・ត・ស・ង・្・គ・្・រ・ា・ម
យុត្តាធិការ	យុត្តាធិការ	យ・ុ・ត・្・ត・ា・ធ・ិ・ក・ា・រ
យុត្តាប៊ីត	យុត្តា|ប៊ីត	យ・ុ・ត・្・ត・ា・ប・៊・ី・ត
យុត្តិកម្ម	យុត្តិ|កម្ម	យ・ុ・ត・្・ត・ិ・ក・ម・្・ម
យុត្តិការ	យុត្តិការ	យ・ុ・ត・្・ត・ិ・ក・ា・រ
យុត្តិធម៌	យុត្តិធម៌	យ・ុ・ត・្・ត・ិ・ធ・ម・៌
យុត្តិនិសេធ	យុត្តិ|និសេធ	យ・ុ・ត・្・ត・ិ・ន・ិ・ស・េ・ធ
យុត្តិសាស្ត្រ	យុត្តិ|សាស្ត្រ	យ・ុ・ត・្・ត・ិ・ស・ា・ស・្・ត・្・រ
យុត្តៈ	យុត្តៈ	យ・ុ・ត・្・ត・ៈ
យ៉ុងចិត្ត	យ៉ុង|ចិត្ត	យ・៉・ុ・ង・ច・ិ・ត・្・ត
រកាំចិត្ត	រកាំ|ចិត្ត	រ・ក・ា・ំ・ច・ិ・ត・្・ត
រង្គាលចិត្ត	រង្គាល|ចិត្ត	រ・ង・្・គ・ា・ល・ច・ិ・ត・្・ត
រណក្ខេត្ត	រណក្ខេត្ត	រ・ណ・ក・្・ខ・េ・ត・្・ត
រណមិត្ត	រណ|មិត្ត	រ・ណ・ម・ិ・ត・្・ត
រតនសម្បត្តិ	រតន|សម្បត្តិ	រ・ត・ន・ស・ម・្・ប・ត・្・ត・ិ
រត្ត	រត្ត	រ・ត・្・ត
រត្តកម្ពល	រត្ត|កម្ពល	រ・ត・្・ត・ក・ម・្・ព・ល
រត្តគាវី	រត្ត|គាវី	រ・ត・្・ត・គ・ា・វ・ី
រត្តចន្ទន៍	រត្ត|ចន្ទន៍	រ・ត・្・ត・ច・ន・្・ទ・ន・៍
រត្តញ្ញូ	រត្តញ្ញូ	រ・ត・្・ត・ញ・្・ញ・ូ
រត្តបឋវី	រត្ត|បឋវី	រ・ត・្・ត・ប・ឋ・វ・ី
រត្តរឿងរង្សី	រត្ត|រឿង|រង្សី	រ・ត・្・ត・រ・ឿ・ង・រ・ង・្・ស・ី
រត្តសុវណ្ណ	រត្ត|សុវណ្ណ	រ・ត・្・ត・ស・ុ・វ・ណ・្・ណ
រត្តិកាល	រត្តិ|កាល	រ・ត・្・ត・ិ・ក・ា・ល
រត្តិចរ	រត្តិចរ	រ・ត・្・ត・ិ・ច・រ
រត្តិច្ឆេទ	រត្តិ|ច្ឆេទ	រ・ត・្・ត・ិ・ច・្・ឆ・េ・ទ
រត្តិន្ទិព	រត្តិ|ន្ទិព	រ・ត・្・ត・ិ・ន・្・ទ・ិ・ព
រត្តិភាគ	រត្តិ|ភាគ	រ・ត・្・ត・ិ・ភ・ា・គ
រត្តុប្បល	រត្តុប្បល	រ・ត・្・ត・ុ・ប・្・ប・ល
រត្ត—	រត្ត—	រ・ត・្・ត・—
រន្ធកសត្ត	រន្ធក|សត្ត	រ・ន・្・ធ・ក・ស・ត・្・ត
រមាស់ចិត្ត	រមាស់|ចិត្ត	រ・ម・ា・ស・់・ច・ិ・ត・្・ត
រលកចិត្ត	រលក|ចិត្ត	រ・ល・ក・ច・ិ・ត・្・ត
រសាយចិត្ត	រសាយ|ចិត្ត	រ・ស・ា・យ・ច・ិ・ត・្・ត
រស្សកសត្ត	រស្សក|សត្ត	រ・ស・្・ស・ក・ស・ត・្・ត
រហស្សមិត្ត	រហស្ស|មិត្ត	រ・ហ・ស・្・ស・ម・ិ・ត・្・ត
រអាមចិត្ត	រអាម|ចិត្ត	រ・អ・ា・ម・ច・ិ・ត・្・ត
រាគចិត្ត	រាគ|ចិត្ត	រ・ា・គ・ច・ិ・ត・្・ត
រាជនត្តា	រាជ|នត្តា	រ・ា・ជ・ន・ត・្・ត・ា
រាជបរិវត្តន៍	រាជ|បរិវត្តន៍	រ・ា・ជ・ប・រ・ិ・វ・ត・្・ត・ន・៍
រាជប្បញ្ញត្តិ	រាជ|ប្បញ្ញត្តិ	រ・ា・ជ・ប・្・ប・ញ・្・ញ・ត・្・ត・ិ
រាជប្រវត្តិ	រាជ|ប្រវត្តិ	រ・ា・ជ・ប・្・រ・វ・ត・្・ត・ិ
រាជព្រឹត្តិ	រាជ|ព្រឹត្តិ	រ・ា・ជ・ព・្・រ・ឹ・ត・្・ត・ិ
រាជមិត្ត	រាជ|មិត្ត	រ・ា・ជ・ម・ិ・ត・្・ត
រាជសម្បត្តិ	រាជ|សម្បត្តិ	រ・ា・ជ・ស・ម・្・ប・ត・្・ត・ិ
រាជសម្ពន្ធមិត្ត	រាជ|សម្ពន្ធ|មិត្ត	រ・ា・ជ・ស・ម・្・ព・ន・្・ធ・ម・ិ・ត・្・ត
រាជាយុត្តកសភា	រាជា|យុត្ត|កសភា	រ・ា・ជ・ា・យ・ុ・ត・្・ត・ក・ស・ភ・ា
រាជាយុត្តកាធិបតី	រាជា|យុត្ត|កាធិបតី	រ・ា・ជ・ា・យ・ុ・ត・្・ត・ក・ា・ធ・ិ・ប・ត・ី
រាជាយុត្តកៈ	រាជា|យុត្តកៈ	រ・ា・ជ・ា・យ・ុ・ត・្・ត・ក・ៈ
រាជ្យសម្បត្តិ	រាជ្យ|សម្បត្តិ	រ・ា・ជ・្・យ・ស・ម・្・ប・ត・្・ត・ិ
រិត្តភាព	រិត្ត|ភាព	រ・ិ・ត・្・ត・ភ・ា・ព
រីកចិត្ត	រីក|ចិត្ត	រ・ី・ក・ច・ិ・ត・្・ត
រូបបរិវត្ត	រូប|បរិវត្ត	រ・ូ・ប・ប・រ・ិ・វ・ត・្・ត
រូបបរិវត្តន៍	រូប|បរិវត្តន៍	រ・ូ・ប・ប・រ・ិ・វ・ត・្・ត・ន・៍
រូបិយាណត្តិ	រូបិយាណត្តិ	រ・ូ・ប・ិ・យ・ា・ណ・ត・្・ត・ិ
រួញចិត្ត	រួញ|ចិត្ត	រ・ួ・ញ・ច・ិ・ត・្・ត
រួមចិត្ត	រួម|ចិត្ត	រ・ួ・ម・ច・ិ・ត・្・ត
រោសចិត្ត	រោស|ចិត្ត	រ・ោ・ស・ច・ិ・ត・្・ត
រំភើបចិត្ត	រំភើប|ចិត្ត	រ・ំ・ភ・ើ・ប・ច・ិ・ត・្・ត
លក្ខណប្បញ្ញត្តិ	លក្ខណ|ប្បញ្ញត្តិ	ល・ក・្・ខ・ណ・ប・្・ប・ញ・្・ញ・ត・្・ត・ិ
លក្ខណវិនយប្បញ្ញត្តិ	លក្ខណ|វិនយ|ប្បញ្ញត្តិ	ល・ក・្・ខ・ណ・វ・ិ・ន・យ・ប・្・ប・ញ・្・ញ・ត・្・ត・ិ
លក្ខណវិបត្តិ	លក្ខណ|វិបត្តិ	ល・ក・្・ខ・ណ・វ・ិ・ប・ត・្・ត・ិ
លក្ខណសម្បត្តិ	លក្ខណ|សម្បត្តិ	ល・ក・្・ខ・ណ・ស・ម・្・ប・ត・្・ត・ិ
លក្ខន្តិកប្បញ្ញត្តិ	លក្ខន្តិកប្បញ្ញត្តិ	ល・ក・្・ខ・ន・្・ត・ិ・ក・ប・្・ប・ញ・្・ញ・ត・្・ត・ិ
លឃុចិត្ត	លឃុចិត្ត	ល・ឃ・ុ・ច・ិ・ត・្・ត
លទ្ធសម្បត្តិ	លទ្ធ|សម្បត្តិ	ល・ទ・្・ធ・ស・ម・្・ប・ត・្・ត・ិ
លហុកាបត្តិ	លហុកាបត្តិ	ល・ហ・ុ・ក・ា・ប・ត・្・ត・ិ
លហុចិត្ត	លហុចិត្ត	ល・ហ・ុ・ច・ិ・ត・្・ត
លាងចិត្ត	លាង|ចិត្ត	ល・ា・ង・ច・ិ・ត・្・ត
លាមកសត្ត	លាមក|សត្ត	ល・ា・ម・ក・ស・ត・្・ត
លិង្គព្រឹត្តិ	លិង្គ|ព្រឹត្តិ	ល・ិ・ង・្・គ・ព・្・រ・ឹ・ត・្・ត・ិ
លុត្ត	លុត្ត	ល・ុ・ត・្・ត
លុត្តបទ	លុត្ត|បទ	ល・ុ・ត・្・ត・ប・ទ
លុត្តសមាស	លុត្ត|សមាស	ល・ុ・ត・្・ត・ស・ម・ា・ស
លួចចិត្ត	លួច|ចិត្ត	ល・ួ・ច・ច・ិ・ត・្・ត
លើកទឹកចិត្ត	លើក|ទឹក|ចិត្ត	ល・ើ・ក・ទ・ឹ・ក・ច・ិ・ត・្・ត
លេសមត្ត	លេស|មត្ត	ល・េ・ស・ម・ត・្・ត
លោកប្បត្តិ	លោក|ប្បត្តិ	ល・ោ・ក・ប・្・ប・ត・្・ត・ិ
លោកប្រវត្តិ	លោក|ប្រវត្តិ	ល・ោ・ក・ប・្・រ・វ・ត・្・ត・ិ
លោកសម្បត្តិ	លោក|សម្បត្តិ	ល・ោ・ក・ស・ម・្・ប・ត・្・ត・ិ
លោកានុវត្តន៍	លោកានុវត្តន៍	ល・ោ・ក・ា・ន・ុ・វ・ត・្・ត・ន・៍
លោកានុវត្តិ	លោកានុវត្តិ	ល・ោ・ក・ា・ន・ុ・វ・ត・្・ត・ិ
លោកិយចិត្ត	លោកិយ|ចិត្ត	ល・ោ・ក・ិ・យ・ច・ិ・ត・្・ត
លោកិយសត្ត	លោកិយ|សត្ត	ល・ោ・ក・ិ・យ・ស・ត・្・ត
លោកុត្តរ	លោកុត្តរ	ល・ោ・ក・ុ・ត・្・ត・រ
លោកុត្តរចិត្ត	លោកុត្តរ|ចិត្ត	ល・ោ・ក・ុ・ត・្・ត・រ・ច・ិ・ត・្・ត
លោកុត្តរចិត្ត	លោកុត្តរ|ចិត្ត	ល・ោ・ក・ុ・ត・្・ត・រ・ច・ិ・ត・្・ត
លោកុត្តរធម៌	លោកុត្តរ|ធម៌	ល・ោ・ក・ុ・ត・្・ត・រ・ធ・ម・៌
លោកុត្តរប្បញ្ញា	លោកុត្តរ|ប្បញ្ញា	ល・ោ・ក・ុ・ត・្・ត・រ・ប・្・ប・ញ・្・ញ・ា
លោកុត្តរសម្បត្តិ	លោកុត្តរ|សម្បត្តិ	ល・ោ・ក・ុ・ត・្・ត・រ・ស・ម・្・ប・ត・្・ត・ិ
លោកុត្តរសម្បត្តិ	លោកុត្តរ|សម្បត្តិ	ល・ោ・ក・ុ・ត・្・ត・រ・ស・ម・្・ប・ត・្・ត・ិ
លោកុត្តរាភិសម័យ	លោកុត្តរាភិសម័យ	ល・ោ・ក・ុ・ត・្・ត・រ・ា・ភ・ិ・ស・ម・័・យ
លោកុត្តរារិយមគ្គ	លោកុត្ត|រារិយ|មគ្គ	ល・ោ・ក・ុ・ត・្・ត・រ・ា・រ・ិ・យ・ម・គ・្・គ
លោភចិត្ត	លោភ|ចិត្ត	ល・ោ・ភ・ច・ិ・ត・្・ត
ល្បះកត្តុ	ល្បះ|កត្តុ	ល・្・ប・ះ・ក・ត・្・ត・ុ
ល្ហើយចិត្ត	ល្ហើយ|ចិត្ត	ល・្・ហ・ើ・យ・ច・ិ・ត・្・ត
វង្កមិត្ត	វង្ក|មិត្ត	វ・ង・្・ក・ម・ិ・ត・្・ត
វង្វេងចិត្ត	វង្វេង|ចិត្ត	វ・ង・្・វ・េ・ង・ច・ិ・ត・្・ត
វចនមិត្ត	វចន|មិត្ត	វ・ច・ន・ម・ិ・ត・្・ត
វចីបរមមិត្ត	វចី|បរម|មិត្ត	វ・ច・ី・ប・រ・ម・ម・ិ・ត・្・ត
វណ្ណព្រឹត្ត	វណ្ណ|ព្រឹត្ត	វ・ណ・្・ណ・ព・្・រ・ឹ・ត・្・ត
វណ្ណមត្ត	វណ្ណ|មត្ត	វ・ណ・្・ណ・ម・ត・្・ត
វណ្ណមត្តា	វណ្ណ|មត្តា	វ・ណ・្・ណ・ម・ត・្・ត・ា
វណ្ណយុត្ត	វណ្ណ|យុត្ត	វ・ណ・្・ណ・យ・ុ・ត・្・ត
វណ្ណសម្បត្តិ	វណ្ណ|សម្បត្តិ	វ・ណ・្・ណ・ស・ម・្・ប・ត・្・ត・ិ
វត្ត	វត្ត	វ・ត・្・ត
វត្តនី	វត្តនី	វ・ត・្・ត・ន・ី
វត្តបទ	វត្ត|បទ	វ・ត・្・ត・ប・ទ
វត្តប្បដិវត្ត	វត្ត|ប្បដិវត្ត	វ・ត・្・ត・ប・្・ប・ដ・ិ・វ・ត・្・ត
វត្តប្បដិវត្ត	វត្ត|ប្បដិវត្ត	វ・ត・្・ត・ប・្・ប・ដ・ិ・វ・ត・្・ត
វត្តប្រតិបត្តិ	វត្ត|ប្រតិបត្តិ	វ・ត・្・ត・ប・្・រ・ត・ិ・ប・ត・្・ត・ិ
វត្តប្រតិបត្តិ	វត្ត|ប្រតិបត្តិ	វ・ត・្・ត・ប・្・រ・ត・ិ・ប・ត・្・ត・ិ
វត្តពូជ	វត្ត|ពូជ	វ・ត・្・ត・ព・ូ・ជ
វត្តមាន	វត្តមាន	វ・ត・្・ត・ម・ា・ន
វត្តមានកាល	វត្តមាន|កាល	វ・ត・្・ត・ម・ា・ន・ក・ា・ល
វត្តមានា	វត្តមានា	វ・ត・្・ត・ម・ា・ន・ា
វត្តវតី	វត្ត|វតី	វ・ត・្・ត・វ・ត・ី
វត្តវន្ត	វត្ត|វន្ត	វ・ត・្・ត・វ・ន・្・ត
វត្តវន្តី	វត្ត|វន្តី	វ・ត・្・ត・វ・ន・្・ត・ី
វត្តសមាទាន	វត្ត|សមាទាន	វ・ត・្・ត・ស・ម・ា・ទ・ា・ន
វត្តសម្បន្ន	វត្ត|សម្បន្ន	វ・ត・្・ត・ស・ម・្・ប・ន・្・ន
វត្តសម្បន្នា	វត្ត|សម្បន្នា	វ・ត・្・ត・ស・ម・្・ប・ន・្・ន・ា
វត្ត—	វត្ត—	វ・ត・្・ត・—
វប្បក្ខេត្ត	វប្បក្ខេត្ត	វ・ប・្・ប・ក・្・ខ・េ・ត・្・ត
វយបត្តិ	វយបត្តិ	វ・យ・ប・ត・្・ត・ិ
វរចិត្ត	វរ|ចិត្ត	វ・រ・ច・ិ・ត・្・ត
វរមិត្ត	វរ|មិត្ត	វ・រ・ម・ិ・ត・្・ត
វរោត្តម	វរោត្តម	វ・រ・ោ・ត・្・ត・ម
វល្លភមិត្ត	វល្លភ|មិត្ត	វ・ល・្・ល・ភ・ម・ិ・ត・្・ត
វសវត្តី	វសវត្តី	វ・ស・វ・ត・្・ត・ី
វាក្យបរិវត្តន៍	វា|ក្យ|បរិវត្តន៍	វ・ា・ក・្・យ・ប・រ・ិ・វ・ត・្・ត・ន・៍
វាលគ្គមត្ត	វាល|គ្គម|ត្ត	វ・ា・ល・គ・្・គ・ម・ត・្・ត
វាសិតចិត្ត	វា|សិត|ចិត្ត	វ・ា・ស・ិ・ត・ច・ិ・ត・្・ត
វិកតិកត្តា	វិកតិកត្តា	វ・ិ・ក・ត・ិ・ក・ត・្・ត・ា
វិកសិតចិត្ត	វិកសិត|ចិត្ត	វ・ិ・ក・ស・ិ・ត・ច・ិ・ត・្・ត
វិក្ខិត្តចិត្ត	វិក្ខិត្ត|ចិត្ត	វ・ិ・ក・្・ខ・ិ・ត・្・ត・ច・ិ・ត・្・ត
វិក្ខិត្តចិត្ត	វិក្ខិត្ត|ចិត្ត	វ・ិ・ក・្・ខ・ិ・ត・្・ត・ច・ិ・ត・្・ត
វិក្ខេបចិត្ត	វិក្ខេប|ចិត្ត	វ・ិ・ក・្・ខ・េ・ប・ច・ិ・ត・្・ត
វិចចិត្ត	វិច|ចិត្ត	វ・ិ・ច・ច・ិ・ត・្・ត
វិចិកិច្ឆាសម្បយុត្ត	វិចិកិច្ឆា|សម្បយុត្ត	វ・ិ・ច・ិ・ក・ិ・ច・្・ឆ・ា・ស・ម・្・ប・យ・ុ・ត・្・ត
វិចិត្តកម្ម	វិចិត្ត|កម្ម	វ・ិ・ច・ិ・ត・្・ត・ក・ម・្・ម
វិចិត្តការ	វិចិត្ត|ការ	វ・ិ・ច・ិ・ត・្・ត・ក・ា・រ
វិចិត្តការ្យ	វិចិត្ត|ការ្យ	វ・ិ・ច・ិ・ត・្・ត・ក・ា・រ・្・យ
វិចិត្តភណ្ឌ	វិចិត្ត|ភណ្ឌ	វ・ិ・ច・ិ・ត・្・ត・ភ・ណ・្・ឌ
វិជ្ជមានប្បញ្ញត្តិ	វិជ្ជមាន|ប្បញ្ញត្តិ	វ・ិ・ជ・្・ជ・ម・ា・ន・ប・្・ប・ញ・្・ញ・ត・្・ត・ិ
វិញ្ញត្តិ	វិញ្ញត្តិ	វ・ិ・ញ・្・ញ・ត・្・ត・ិ
វិញ្ញត្តិកថា	វិញ្ញត្តិក|ថា	វ・ិ・ញ・្・ញ・ត・្・ត・ិ・ក・ថ・ា
វិញ្ញត្តិកម្ម	វិញ្ញត្តិ|កម្ម	វ・ិ・ញ・្・ញ・ត・្・ត・ិ・ក・ម・្・ម
វិញ្ញត្តិវប្បធម៌	វិញ្ញត្តិ|វប្បធម៌	វ・ិ・ញ・្・ញ・ត・្・ត・ិ・វ・ប・្・ប・ធ・ម・៌
វិត្តន្តរាយ	វិត្តន្តរាយ	វ・ិ・ត・្・ត・ន・្・ត・រ・ា・យ
វិត្តលាភ	វិត្ត|លាភ	វ・ិ・ត・្・ត・ល・ា・ភ
វិត្តវិនាស	វិត្ត|វិនាស	វ・ិ・ត・្・ត・វ・ិ・ន・ា・ស
វិត្តៈ	វិត្តៈ	វ・ិ・ត・្・ត・ៈ
វិនយបញ្ញត្តិ	វិនយ|បញ្ញត្តិ	វ・ិ・ន・យ・ប・ញ・្・ញ・ត・្・ត・ិ
វិនីតចិត្ត	វិនីត|ចិត្ត	វ・ិ・ន・ី・ត・ច・ិ・ត・្・ត
វិបត្តិ	វិបត្តិ	វ・ិ・ប・ត・្・ត・ិ
វិបត្តិការណ៍	វិបត្តិការណ៍	វ・ិ・ប・ត・្・ត・ិ・ក・ា・រ・ណ・៍
វិបត្តិមូល	វិបត្តិ|មូល	វ・ិ・ប・ត・្・ត・ិ・ម・ូ・ល
វិបត្តិហេតុ	វិបត្តិហេតុ	វ・ិ・ប・ត・្・ត・ិ・ហ・េ・ត・ុ
វិបាកចិត្ត	វិបាក|ចិត្ត	វ・ិ・ប・ា・ក・ច・ិ・ត・្・ត
វិប្បដិសារចិត្ត	វិប្បដិសារ|ចិត្ត	វ・ិ・ប・្・ប・ដ・ិ・ស・ា・រ・ច・ិ・ត・្・ត
វិប្រតិបត្តិ	វិប្រតិបត្តិ	វ・ិ・ប・្・រ・ត・ិ・ប・ត・្・ត・ិ
វិព្ភន្តចិត្ត	វិព្ភន្ត|ចិត្ត	វ・ិ・ព・្・ភ・ន・្・ត・ច・ិ・ត・្・ត
វិភត្តិ	វិភត្តិ	វ・ិ・ភ・ត・្・ត・ិ
វិភត្តិវិបល្លាស	វិភត្តិ|វិបល្លាស	វ・ិ・ភ・ត・្・ត・ិ・វ・ិ・ប・ល・្・ល・ា・ស
វិមលចិត្ត	វិមល|ចិត្ត	វ・ិ・ម・ល・ច・ិ・ត・្・ត
វិមុត្ត	វិមុត្ត	វ・ិ・ម・ុ・ត・្・ត
វិមុត្តចិត្ត	វិមុត្ត|ចិត្ត	វ・ិ・ម・ុ・ត・្・ត・ច・ិ・ត・្・ត
វិមុត្តចិត្ត	វិមុត្ត|ចិត្ត	វ・ិ・ម・ុ・ត・្・ត・ច・ិ・ត・្・ត
វិមុត្តិ	វិមុត្តិ	វ・ិ・ម・ុ・ត・្・ត・ិ
វិមុត្តិញ្ញាណទស្សនៈ	វិមុត្តិ|ញ្ញាណ|ទស្សនៈ	វ・ិ・ម・ុ・ត・្・ត・ិ・ញ・្・ញ・ា・ណ・ទ・ស・្・ស・ន・ៈ
វិមុត្តិសុខ	វិមុត្តិសុខ	វ・ិ・ម・ុ・ត・្・ត・ិ・ស・ុ・ខ
វិរាគចិត្ត	វិរាគ|ចិត្ត	វ・ិ・រ・ា・គ・ច・ិ・ត・្・ត
វិវត្ត	វិវត្ត	វ・ិ・វ・ត・្・ត
វិវត្តន៍	វិវត្តន៍	វ・ិ・វ・ត・្・ត・ន・៍
វិវិត្ត	វិវិត្ត	វ・ិ・វ・ិ・ត・្・ត
វិវិត្តដ្ឋាន	វិវិត្ត|ដ្ឋាន	វ・ិ・វ・ិ・ត・្・ត・ដ・្・ឋ・ា・ន
វិសមចិត្ត	វិសម|ចិត្ត	វ・ិ・ស・ម・ច・ិ・ត・្・ត
វិសមត្ត	វិសមត្ត	វ・ិ・ស・ម・ត・្・ត
វិសមានចិត្ត	វិស|មាន|ចិត្ត	វ・ិ・ស・ម・ា・ន・ច・ិ・ត・្・ត
វិសយប្បវត្តិ	វិសយ|ប្បវត្តិ	វ・ិ・ស・យ・ប・្・ប・វ・ត・្・ត・ិ
វិសយប្រវត្តិ	វិសយ|ប្រវត្តិ	វ・ិ・ស・យ・ប・្・រ・វ・ត・្・ត・ិ
វិសុទ្ធចិត្ត	វិសុទ្ធ|ចិត្ត	វ・ិ・ស・ុ・ទ・្・ធ・ច・ិ・ត・្・ត
វិស្សាសិកមិត្ត	វិស្សា|សិក|មិត្ត	វ・ិ・ស・្・ស・ា・ស・ិ・ក・ម・ិ・ត・្・ត
វីថិចិត្ត	វី|ថិចិត្ត	វ・ី・ថ・ិ・ច・ិ・ត・្・ត
វីរិយសម្បត្តិ	វីរិយ|សម្បត្តិ	វ・ី・រ・ិ・យ・ស・ម・្・ប・ត・្・ត・ិ
វុត្ត	វុត្ត	វ・ុ・ត・្・ត
វុត្តការណ៍	វុត្ត|ការណ៍	វ・ុ・ត・្・ត・ក・ា・រ・ណ・៍
វុត្តដ្ឋាន	វុត្តដ្ឋាន	វ・ុ・ត・្・ត・ដ・្・ឋ・ា・ន
វុត្តនិយម	វុត្ត|និយម	វ・ុ・ត・្・ត・ន・ិ・យ・ម
វុត្តនិយាម	វុត្ត|និយាម	វ・ុ・ត・្・ត・ន・ិ・យ・ា・ម
វុត្តន័យ	វុត្តន័យ	វ・ុ・ត・្・ត・ន・័・យ
វុត្តប្បមាណ	វុត្ត|ប្បមាណ	វ・ុ・ត・្・ត・ប・្・ប・ម・ា・ណ
វុត្តពីជ	វុត្ត|ពី|ជ	វ・ុ・ត・្・ត・ព・ី・ជ
វុត្តពូជ	វុត្ត|ពូជ	វ・ុ・ត・្・ត・ព・ូ・ជ
វុត្តភាព	វុត្ត|ភាព	វ・ុ・ត・្・ត・ភ・ា・ព
វុត្តវាចា	វុត្ត|វាចា	វ・ុ・ត・្・ត・វ・ា・ច・ា
វុត្តវាទ	វុត្ត|វាទ	វ・ុ・ត・្・ត・វ・ា・ទ
វុត្តានុក្រម	វុត្តានុក្រម	វ・ុ・ត・្・ត・ា・ន・ុ・ក・្・រ・ម
វុត្តិ	វុត្តិ	វ・ុ・ត・្・ត・ិ
វុត្តិកម្ម	វុត្តិ|កម្ម	វ・ុ・ត・្・ត・ិ・ក・ម・្・ម
វុត្តិភាព	វុត្តិភាព	វ・ុ・ត・្・ត・ិ・ភ・ា・ព
វុត្តោទ័យ	វុត្តោទ័យ	វ・ុ・ត・្・ត・ោ・ទ・័・យ
វូបសន្តចិត្ត	វូប|សន្ត|ចិត្ត	វ・ូ・ប・ស・ន・្・ត・ច・ិ・ត・្・ត
វេចទុកតែក្នុងចិត្ត	វេច|ទុក|តែ|ក្នុង|ចិត្ត	វ・េ・ច・ទ・ុ・ក・ត・ែ・ក・្・ន・ុ・ង・ច・ិ・ត・្・ត
វេជ្ជប្បញ្ញត្តិ	វេជ្ជ|ប្បញ្ញត្តិ	វ・េ・ជ・្・ជ・ប・្・ប・ញ・្・ញ・ត・្・ត・ិ
វេទនានុវត្តន៍	វេទនានុវត្តន៍	វ・េ・ទ・ន・ា・ន・ុ・វ・ត・្・ត・ន・៍
វេបចិត្តិ	វេបចិត្តិ	វ・េ・ប・ច・ិ・ត・្・ត・ិ
សកនិរុត្តិ	សក|និរុត្តិ	ស・ក・ន・ិ・រ・ុ・ត・្・ត・ិ
សកាយនិរុត្តិ	សកាយ|និរុត្តិ	ស・ក・ា・យ・ន・ិ・រ・ុ・ត・្・ត・ិ
សក្យបុត្តិយ៍	សក្យ|បុត្តិយ៍	ស・ក・្・យ・ប・ុ・ត・្・ត・ិ・យ・៍
សគោត្ត	សគោត្ត	ស・គ・ោ・ត・្・ត
សង្កិលេសិកចិត្ត	សង្កិលេសិក|ចិត្ត	ស・ង・្・ក・ិ・ល・េ・ស・ិ・ក・ច・ិ・ត・្・ត
សង្កៀរចិត្ត	សង្កៀរ|ចិត្ត	ស・ង・្・ក・ៀ・រ・ច・ិ・ត・្・ត
សង្ខិត្ត	សង្ខិត្ត	ស・ង・្・ខ・ិ・ត・្・ត
សង្ខិត្តកថា	សង្ខិត្ត|កថា	ស・ង・្・ខ・ិ・ត・្・ត・ក・ថ・ា
សង្ខិត្តចិត្ត	សង្ខិត្ត|ចិត្ត	ស・ង・្・ខ・ិ・ត・្・ត・ច・ិ・ត・្・ត
សង្ខិត្តចិត្ត	សង្ខិត្ត|ចិត្ត	ស・ង・្・ខ・ិ・ត・្・ត・ច・ិ・ត・្・ត
សង្ខិត្តន័យ	សង្ខិត្ត|ន័យ	ស・ង・្・ខ・ិ・ត・្・ត・ន・័・យ
សង្ខោភចិត្ត	សង្ខោភ|ចិត្ត	ស・ង・្・ខ・ោ・ភ・ច・ិ・ត・្・ត
សង្គមប្រវត្តិ	សង្គម|ប្រវត្តិ	ស・ង・្・គ・ម・ប・្・រ・វ・ត・្・ត・ិ
សង្គីតិប្រវត្តិ	សង្គីតិ|ប្រវត្តិ	ស・ង・្・គ・ី・ត・ិ・ប・្・រ・វ・ត・្・ត・ិ
សង្ឃភត្ត	សង្ឃ|ភត្ត	ស・ង・្・ឃ・ភ・ត・្・ត
សង្ឃាណត្តិ	សង្ឃាណត្តិ	ស・ង・្・ឃ・ា・ណ・ត・្・ត・ិ
សង្រ្គាមចិត្តសាស្រ្ត	សង្រ្គាម|ចិត្ត|សាស្រ្ត	ស・ង・្・រ・្・គ・ា・ម・ច・ិ・ត・្・ត・ស・ា・ស・្・រ・្・ត
សចិត្តកកម្ម	សចិត្ត|កកម្ម	ស・ច・ិ・ត・្・ត・ក・ក・ម・្・ម
សចិត្តកទោស	សចិត្ត|កទោស	ស・ច・ិ・ត・្・ត・ក・ទ・ោ・ស
សចិត្តកាបត្តិ	សចិត្ត|កាបត្តិ	ស・ច・ិ・ត・្・ត・ក・ា・ប・ត・្・ត・ិ
សចិត្តកាបត្តិ	សចិត្ត|កាបត្តិ	ស・ច・ិ・ត・្・ត・ក・ា・ប・ត・្・ត・ិ
សចិត្តកៈ	សចិត្ត|កៈ	ស・ច・ិ・ត・្・ត・ក・ៈ
សញ្ញាវិបត្តិ	សញ្ញា|វិបត្តិ	ស・ញ・្・ញ・ា・វ・ិ・ប・ត・្・ត・ិ
សតបត្ត	សតបត្ត	ស・ត・ប・ត・្・ត
សតបទីសត្ត	សតប|ទី|សត្ត	ស・ត・ប・ទ・ី・ស・ត・្・ត
សតេកិច្ឆាបត្តិ	សតេកិច្ឆា|បត្តិ	ស・ត・េ・ក・ិ・ច・្・ឆ・ា・ប・ត・្・ត・ិ
សត្ត	សត្ត	ស・ត・្・ត
សត្តកោណ	សត្ត|កោណ	ស・ត・្・ត・ក・ោ・ណ
សត្តកោណនិយ័ត	សត្ត|កោណ|និយ័ត	ស・ត・្・ត・ក・ោ・ណ・ន・ិ・យ・័・ត
សត្តក្ខ័យ	សត្តក្ខ័យ	ស・ត・្・ត・ក・្・ខ・័・យ
សត្តខណ្ឌ	សត្ត|ខណ្ឌ	ស・ត・្・ត・ខ・ណ・្・ឌ
សត្តគុណ	សត្ត|គុណ	ស・ត・្・ត・គ・ុ・ណ
សត្តឃាត	សត្ត|ឃាត	ស・ត・្・ត・ឃ・ា・ត
សត្តឃាតកៈ	សត្ត|ឃាតកៈ	ស・ត・្・ត・ឃ・ា・ត・ក・ៈ
សត្តឃាតដ្ឋាន	សត្ត|ឃាត|ដ្ឋាន	ស・ត・្・ត・ឃ・ា・ត・ដ・្・ឋ・ា・ន
សត្តឃាតិកា	សត្ត|ឃាតិកា	ស・ត・្・ត・ឃ・ា・ត・ិ・ក・ា
សត្តទិន	សត្ត|ទិន	ស・ត・្・ត・ទ・ិ・ន
សត្តនាយក	សត្ត|នាយក	ស・ត・្・ត・ន・ា・យ・ក
សត្តនិករ	សត្តនិករ	ស・ត・្・ត・ន・ិ・ក・រ
សត្តនិកាយ	សត្ត|និកាយ	ស・ត・្・ត・ន・ិ・ក・ា・យ
សត្តបង្ក័ជ	សត្ត|បង្ក័ជ	ស・ត・្・ត・ប・ង・្・ក・័・ជ
សត្តបរិភណ្ឌ	សត្ត|បរិភណ្ឌ	ស・ត・្・ត・ប・រ・ិ・ភ・ណ・្・ឌ
សត្តបុស្ប	សត្ត|បុស្ប	ស・ត・្・ត・ប・ុ・ស・្・ប
សត្តបុស្យ	សត្ត|បុស្យ	ស・ត・្・ត・ប・ុ・ស・្・យ
សត្តបុស្ស	សត្ត|បុស្ស	ស・ត・្・ត・ប・ុ・ស・្・ស
សត្តប័ត្រ	សត្ត|ប័ត្រ	ស・ត・្・ត・ប・័・ត・្・រ
សត្តប្បករណាភិធម្ម	សត្ត|ប្បករណា|ភិធម្ម	ស・ត・្・ត・ប・្・ប・ក・រ・ណ・ា・ភ・ិ・ធ・ម・្・ម
សត្តប្បករណ៍	សត្ត|ប្បករណ៍	ស・ត・្・ត・ប・្・ប・ក・រ・ណ・៍
សត្តពារ	សត្ត|ពារ	ស・ត・្・ត・ព・ា・រ
សត្តពិធ	សត្ត|ពិធ	ស・ត・្・ត・ព・ិ・ធ
សត្តភូតគាម	សត្ត|ភូត|គាម	ស・ត・្・ត・ភ・ូ・ត・គ・ា・ម
សត្តភូមិក	សត្ត|ភូមិក	ស・ត・្・ត・ភ・ូ・ម・ិ・ក
សត្តម	សត្តម	ស・ត・្・ត・ម
សត្តមទិន	សត្តម|ទិន	ស・ត・្・ត・ម・ទ・ិ・ន
សត្តមភូមិ	សត្តម|ភូមិ	ស・ត・្・ត・ម・ភ・ូ・ម・ិ
សត្តមវារៈ	សត្តម|វារៈ	ស・ត・្・ត・ម・វ・ា・រ・ៈ
សត្តមហាឋាន	សត្ត|មហា|ឋាន	ស・ត・្・ត・ម・ហ・ា・ឋ・ា・ន
សត្តមាស	សត្តមាស	ស・ត・្・ត・ម・ា・ស
សត្តមី	សត្តមី	ស・ត・្・ត・ម・ី
សត្តមីវិភត្តិនាម	សត្ត|មីវិភត្តិ|នាម	ស・ត・្・ត・ម・ី・វ・ិ・ភ・ត・្・ត・ិ・ន・ា・ម
សត្តមីវិភត្តិនាម	សត្ត|មីវិភត្តិ|នាម	ស・ត・្・ត・ម・ី・វ・ិ・ភ・ត・្・ត・ិ・ន・ា・ម
សត្តលោក	សត្ត|លោក	ស・ត・្・ត・ល・ោ・ក
សត្តវង្កជាតិ	សត្ត|វង្ក|ជាតិ	ស・ត・្・ត・វ・ង・្・ក・ជ・ា・ត・ិ
សត្តវារៈ	សត្ត|វារៈ	ស・ត・្・ត・វ・ា・រ・ៈ
សត្តវិជ្ជា	សត្ត|វិជ្ជា	ស・ត・្・ត・វ・ិ・ជ・្・ជ・ា
សត្តវិទ្យា	សត្ត|វិទ្យា	ស・ត・្・ត・វ・ិ・ទ・្・យ・ា
សត្តសញ្ញា	សត្ត|សញ្ញា	ស・ត・្・ត・ស・ញ・្・ញ・ា
សត្តសារ	សត្ត|សារ	ស・ត・្・ត・ស・ា・រ
សត្តាហករណីយកិច្ច	សត្តា|ហករណីយ|កិច្ច	ស・ត・្・ត・ា・ហ・ក・រ・ណ・ី・យ・ក・ិ・ច・្・ច
សត្តាហកាលិក	សត្តា|ហកាលិក	ស・ត・្・ត・ា・ហ・ក・ា・ល・ិ・ក
សត្តាហកិច្ច	សត្តា|ហកិច្ច	ស・ត・្・ត・ា・ហ・ក・ិ・ច・្・ច
សត្តាហៈ	សត្តាហៈ	ស・ត・្・ត・ា・ហ・ៈ
សទ្ធាចិត្ត	សទ្ធា|ចិត្ត	ស・ទ・្・ធ・ា・ច・ិ・ត・្・ត
សទ្ធាធិមុត្ត	សទ្ធា|ធិ|មុត្ត	ស・ទ・្・ធ・ា・ធ・ិ・ម・ុ・ត・្・ត
សទ្ធាសម្បយុត្ត	សទ្ធា|សម្បយុត្ត	ស・ទ・្・ធ・ា・ស・ម・្・ប・យ・ុ・ត・្・ត
សទ្ធិវិហារិកវត្ត	សទ្ធិ|វិហារិក|វត្ត	ស・ទ・្・ធ・ិ・វ・ិ・ហ・ា・រ・ិ・ក・វ・ត・្・ត
សទ្ធឹវិហារិកវត្ត	សទ្ធឹវិហារិក|វត្ត	ស・ទ・្・ធ・ឹ・វ・ិ・ហ・ា・រ・ិ・ក・វ・ត・្・ត
សន្តាបចិត្ត	សន្តាប|ចិត្ត	ស・ន・្・ត・ា・ប・ច・ិ・ត・្・ត
សន្ថវមិត្ត	សន្ថវ|មិត្ត	ស・ន・្・ថ・វ・ម・ិ・ត・្・ត
សន្ទិដ្ឋមិត្ត	សន្ទិដ្ឋ|មិត្ត	ស・ន・្・ទ・ិ・ដ・្・ឋ・ម・ិ・ត・្・ត
សន្ទេហចិត្ត	សន្ទេហ|ចិត្ត	ស・ន・្・ទ・េ・ហ・ច・ិ・ត・្・ត
សន្ធានមិត្ត	សន្ធាន|មិត្ត	ស・ន・្・ធ・ា・ន・ម・ិ・ត・្・ត
សបត្តជន	សបត្ត|ជន	ស・ប・ត・្・ត・ជ・ន
សប្បាយចិត្ត	សប្បាយ|ចិត្ត	ស・ប・្・ប・ា・យ・ច・ិ・ត・្・ត
សព្វយុត្ត	សព្វ|យុត្ត	ស・ព・្・វ・យ・ុ・ត・្・ត
សព្វរោគវិនិមុត្ត	សព្វ|រោគ|វិនិមុត្ត	ស・ព・្・វ・រ・ោ・គ・វ・ិ・ន・ិ・ម・ុ・ត・្・ត
សព្វរោគវិមុត្ត	សព្វ|រោគ|វិមុត្ត	ស・ព・្・វ・រ・ោ・គ・វ・ិ・ម・ុ・ត・្・ត
សភាគាបត្តិ	សភា|គាបត្តិ	ស・ភ・ា・គ・ា・ប・ត・្・ត・ិ
សមគោត្ត	សម|គោត្ត	ស・ម・គ・ោ・ត・្・ត
សមគ្គចិត្ត	សមគ្គ|ចិត្ត	ស・ម・គ・្・គ・ច・ិ・ត・្・ត
សមចិត្ត	សម|ចិត្ត	ស・ម・ច・ិ・ត・្・ត
សមណប្បដិបត្តិ	សមណ|ប្បដិបត្តិ	ស・ម・ណ・ប・្・ប・ដ・ិ・ប・ត・្・ត・ិ
សមណសក្ដិទីរាជាគណៈខាងគណៈធម្មយុត្តិកនិកាយ	សមណ|សក្ដិ|ទី|រាជា|គណៈ|ខាង|គណៈ|ធម្ម|យុត្តិក|និកាយ	ស・ម・ណ・ស・ក・្・ដ・ិ・ទ・ី・រ・ា・ជ・ា・គ・ណ・ៈ・ខ・ា・ង・គ・ណ・ៈ・ធ・ម・្・ម・យ・ុ・ត・្・ត・ិ・ក・ន・ិ・ក・ា・យ
សមណុត្តមាភិសេក	សមណុត្តមាភិសេក	ស・ម・ណ・ុ・ត・្・ត・ម・ា・ភ・ិ・ស・េ・ក
សមត្ថចិត្ត	សមត្ថ|ចិត្ត	ស・ម・ត・្・ថ・ច・ិ・ត・្・ត
សមាធិចិត្ត	សមាធិចិត្ត	ស・ម・ា・ធ・ិ・ច・ិ・ត・្・ត
សមានគោត្ត	សមាន|គោត្ត	ស・ម・ា・ន・គ・ោ・ត・្・ត
សមានចិត្ត	សមាន|ចិត្ត	ស・ម・ា・ន・ច・ិ・ត・្・ត
សមាបត្តិ	សមាបត្តិ	ស・ម・ា・ប・ត・្・ត・ិ
សមាហិតចិត្ត	សមាហិត|ចិត្ត	ស・ម・ា・ហ・ិ・ត・ច・ិ・ត・្・ត
សម្បត្តិ	សម្បត្តិ	ស・ម・្・ប・ត・្・ត・ិ
សម្បត្តិភត្តតិរ៉ែ	សម្បត្តិ|ភត្ត|តិរ៉ែ	ស・ម・្・ប・ត・្・ត・ិ・ភ・ត・្・ត・ត・ិ・រ・៉・ែ
សម្បត្តិភត្តតិរ៉ែ	សម្បត្តិ|ភត្ត|តិរ៉ែ	ស・ម・្・ប・ត・្・ត・ិ・ភ・ត・្・ត・ត・ិ・រ・៉・ែ
សម្បត្តិសម្បូណ៌	សម្បត្តិ|សម្បូណ៌	ស・ម・្・ប・ត・្・ត・ិ・ស・ម・្・ប・ូ・ណ・៌
សម្បយុត្ត	សម្បយុត្ត	ស・ម・្・ប・យ・ុ・ត・្・ត
សម្បរិវត្តនភាព	សម្បរិវត្តន|ភាព	ស・ម・្・ប・រ・ិ・វ・ត・្・ត・ន・ភ・ា・ព
សម្បរិវត្តនាការ	សម្បរិវត្ត|នាការ	ស・ម・្・ប・រ・ិ・វ・ត・្・ត・ន・ា・ក・ា・រ
សម្បរិវត្តន៍	សម្បរិវត្តន៍	ស・ម・្・ប・រ・ិ・វ・ត・្・ត・ន・៍
សម្បុកសម្បត្តិ	សម្បុក|សម្បត្តិ	ស・ម・្・ប・ុ・ក・ស・ម・្・ប・ត・្・ត・ិ
សម្ពន្ធមិត្ត	សម្ពន្ធ|មិត្ត	ស・ម・្・ព・ន・្・ធ・ម・ិ・ត・្・ត
សម្ពាធចិត្ត	សម្ពាធ|ចិត្ត	ស・ម・្・ព・ា・ធ・ច・ិ・ត・្・ត
សម្ភត្តមិត្ត	សម្ភ|ត្ត|មិត្ត	ស・ម・្・ភ・ត・្・ត・ម・ិ・ត・្・ត
សម្ភត្តមិត្ត	សម្ភ|ត្ត|មិត្ត	ស・ម・្・ភ・ត・្・ត・ម・ិ・ត・្・ត
សម្ភាវិតចិត្ត	សម្ភាវិត|ចិត្ត	ស・ម・្・ភ・ា・វ・ិ・ត・ច・ិ・ត・្・ត
សម្ភាវិតមិត្ត	សម្ភាវិត|មិត្ត	ស・ម・្・ភ・ា・វ・ិ・ត・ម・ិ・ត・្・ត
សម្ភិតចិត្ត	សម្ភិត|ចិត្ត	ស・ម・្・ភ・ិ・ត・ច・ិ・ត・្・ត
សម្មជ្ជនវត្ត	សម្មជ្ជន|វត្ត	ស・ម・្・ម・ជ・្・ជ・ន・វ・ត・្・ត
សម្មាបដិបត្តិ	សម្មាប|ដិបត្តិ	ស・ម・្・ម・ា・ប・ដ・ិ・ប・ត・្・ត・ិ
សម្រេចចិត្ត	សម្រេច|ចិត្ត	ស・ម・្・រ・េ・ច・ច・ិ・ត・្・ត
សលាកបរិវត្តន៍	សលាក|បរិវត្តន៍	ស・ល・ា・ក・ប・រ・ិ・វ・ត・្・ត・ន・៍
សលាកភត្ត	សលាក|ភត្ត	ស・ល・ា・ក・ភ・ត・្・ត
សលាកានុវត្តន៍	សលាកានុវត្តន៍	ស・ល・ា・ក・ា・ន・ុ・វ・ត・្・ត・ន・៍
សសោះអន្ទងយោងចិត្ត	សសោះ|អន្ទង|យោង|ចិត្ត	ស・ស・ោ・ះ・អ・ន・្・ទ・ង・យ・ោ・ង・ច・ិ・ត・្・ត
សហបុត្ត	សហ|បុត្ត	ស・ហ・ប・ុ・ត・្・ត
សហប្រតិបត្តិការ	សហ|ប្រតិបត្តិការ	ស・ហ・ប・្・រ・ត・ិ・ប・ត・្・ត・ិ・ក・ា・រ
សហវត្ត	សហវត្ត	ស・ហ・វ・ត・្・ត
សហស្សនេត្ត	សហស្ស|នេត្ត	ស・ហ・ស・្・ស・ន・េ・ត・្・ត
សាតចិត្ត	សាត|ចិត្ត	ស・ា・ត・ច・ិ・ត・្・ត
សាធុព្រឹត្តិ	សាធុ|ព្រឹត្តិ	ស・ា・ធ・ុ・ព・្・រ・ឹ・ត・្・ត・ិ
សាមគ្គីមិត្ត	សាមគ្គី|មិត្ត	ស・ា・ម・គ・្・គ・ី・ម・ិ・ត・្・ត
សាមញ្ញប្បដិបត្តិ	សាមញ្ញ|ប្បដិបត្តិ	ស・ា・ម・ញ・្・ញ・ប・្・ប・ដ・ិ・ប・ត・្・ត・ិ
សាមីចិបដិបត្តិ	សាមី|ចិប|ដិបត្តិ	ស・ា・ម・ី・ច・ិ・ប・ដ・ិ・ប・ត・្・ត・ិ
សាមីចិវត្ត	សាមី|ចិវត្ត	ស・ា・ម・ី・ច・ិ・វ・ត・្・ត
សាយភត្ត	សាយ|ភត្ត	ស・ា・យ・ភ・ត・្・ត
សារប្បវត្តិ	សារ|ប្បវត្តិ	ស・ា・រ・ប・្・ប・វ・ត・្・ត・ិ
សារពើយុត្ត	សារពើ|យុត្ត	ស・ា・រ・ព・ើ・យ・ុ・ត・្・ត
សារីបុត្ត	សារីបុត្ត	ស・ា・រ・ី・ប・ុ・ត・្・ត
សាលាមត្តេយ្យសិក្សា	សាលា|មត្តេយ្យ|សិក្សា	ស・ា・ល・ា・ម・ត・្・ត・េ・យ・្・យ・ស・ិ・ក・្・ស・ា
សាលាវត្ត	សាលា|វត្ត	ស・ា・ល・ា・វ・ត・្・ត
សាវិត្តិសាស្ត្រ	សាវិត្តិ|សាស្ត្រ	ស・ា・វ・ិ・ត・្・ត・ិ・ស・ា・ស・្・ត・្・រ
សាសនប្បដិបត្តិ	សាសន|ប្បដិបត្តិ	ស・ា・ស・ន・ប・្・ប・ដ・ិ・ប・ត・្・ត・ិ
សាសនប្បវត្តិ	សាសន|ប្បវត្តិ	ស・ា・ស・ន・ប・្・ប・វ・ត・្・ត・ិ
សាសនប្រតិបត្តិ	សាសន|ប្រតិបត្តិ	ស・ា・ស・ន・ប・្・រ・ត・ិ・ប・ត・្・ត・ិ
សាសនប្រវត្តិ	សាសន|ប្រវត្តិ	ស・ា・ស・ន・ប・្・រ・វ・ត・្・ត・ិ
សាសនសម្បត្តិ	សាសន|សម្បត្តិ	ស・ា・ស・ន・ស・ម・្・ប・ត・្・ត・ិ
សិត្តាបៃ	សិត្តា|បៃ	ស・ិ・ត・្・ត・ា・ប・ៃ
សិត្តាប៊ីត	សិត្តា|ប៊ីត	ស・ិ・ត・្・ត・ា・ប・៊・ី・ត
សិថិលមិត្ត	សិថិល|មិត្ត	ស・ិ・ថ・ិ・ល・ម・ិ・ត・្・ត
សិនិទ្ធមិត្ត	សិនិទ្ធ|មិត្ត	ស・ិ・ន・ិ・ទ・្・ធ・ម・ិ・ត・្・ត
សិនេហចិត្ត	សិនេហ|ចិត្ត	ស・ិ・ន・េ・ហ・ច・ិ・ត・្・ត
សិនេហមិត្ត	សិនេហ|មិត្ត	ស・ិ・ន・េ・ហ・ម・ិ・ត・្・ត
សិរីសម្បត្តិ	សិរី|សម្បត្តិ	ស・ិ・រ・ី・ស・ម・្・ប・ត・្・ត・ិ
សិរឹសបសត្ត	សិរឹស|បសត្ត	ស・ិ・រ・ឹ・ស・ប・ស・ត・្・ត
សិវក្ខេត្ត	សិវ|ក្ខេត្ត	ស・ិ・វ・ក・្・ខ・េ・ត・្・ត
សិស្សធ្វើវត្ត	សិស្ស|ធ្វើ|វត្ត	ស・ិ・ស・្・ស・ធ・្・វ・ើ・វ・ត・្・ត
សិស្សវត្ត	សិស្ស|វត្ត	ស・ិ・ស・្・ស・វ・ត・្・ត
សីតលចិត្ត	សីតល|ចិត្ត	ស・ី・ត・ល・ច・ិ・ត・្・ត
សីមានិមិត្ត	សីមា|និមិត្ត	ស・ី・ម・ា・ន・ិ・ម・ិ・ត・្・ត
សីលវិបត្តិ	សីល|វិបត្តិ	ស・ី・ល・វ・ិ・ប・ត・្・ត・ិ
សីលសម្បត្តិ	សីល|សម្បត្តិ	ស・ី・ល・ស・ម・្・ប・ត・្・ត・ិ
សុ.ចិ.បុ.លិ.វិនិមុត្ត	សុ.|ចិ.|បុ.|លិ.|វិនិមុត្ត	ស・ុ・.・ច・ិ・.・ប・ុ・.・ល・ិ・.・វ・ិ・ន・ិ・ម・ុ・ត・្・ត
សុខចិត្ត	សុខ|ចិត្ត	ស・ុ・ខ・ច・ិ・ត・្・ត
សុខុមសត្ត	សុខុម|សត្ត	ស・ុ・ខ・ុ・ម・ស・ត・្・ត
សុចរិតយុត្តិធម៌	សុចរិត|យុត្តិធម៌	ស・ុ・ច・រ・ិ・ត・យ・ុ・ត・្・ត・ិ・ធ・ម・៌
សុចិត្តា	សុចិត្តា	ស・ុ・ច・ិ・ត・្・ត・ា
សុជាតបុត្ត	សុជាត|បុត្ត	ស・ុ・ជ・ា・ត・ប・ុ・ត・្・ត
សុត្តន្តបិដក	សុត្តន្ត|បិដក	ស・ុ・ត・្・ត・ន・្・ត・ប・ិ・ដ・ក
សុត្តីយភាព	សុត្តីយ|ភាព	ស・ុ・ត・្・ត・ី・យ・ភ・ា・ព
សុទន្តចិត្ត	សុទន្ត|ចិត្ត	ស・ុ・ទ・ន・្・ត・ច・ិ・ត・្・ត
សុទន្តសត្ត	សុទន្ត|សត្ត	ស・ុ・ទ・ន・្・ត・ស・ត・្・ត
សុទ្ធចិត្ត	សុទ្ធ|ចិត្ត	ស・ុ・ទ・្・ធ・ច・ិ・ត・្・ត
សុធាមត្តិកា	សុធាម|ត្តិកា	ស・ុ・ធ・ា・ម・ត・្・ត・ិ・ក・ា
សុន្ទរសម្បត្តិ	សុន្ទរ|សម្បត្តិ	ស・ុ・ន・្・ទ・រ・ស・ម・្・ប・ត・្・ត・ិ
សុបិននិមិត្ត	សុបិន|និមិត្ត	ស・ុ・ប・ិ・ន・ន・ិ・ម・ិ・ត・្・ត
សុពចមិត្ត	សុព|ចមិត្ត	ស・ុ・ព・ច・ម・ិ・ត・្・ត
សុភនិមិត្ត	សុភនិមិត្ត	ស・ុ・ភ・ន・ិ・ម・ិ・ត・្・ត
សុភរបុត្ត	សុភរ|បុត្ត	ស・ុ・ភ・រ・ប・ុ・ត・្・ត
សុមេធកុលបុត្ត	សុមេធ|កុល|បុត្ត	ស・ុ・ម・េ・ធ・ក・ុ・ល・ប・ុ・ត・្・ត
សុរាមត្ត	សុរាម|ត្ត	ស・ុ・រ・ា・ម・ត・្・ត
សុរាមត្តា	សុរាម|ត្តា	ស・ុ・រ・ា・ម・ត・្・ត・ា
សុរិយគោត្ត	សុរិយ|គោត្ត	ស・ុ・រ・ិ・យ・គ・ោ・ត・្・ត
សុរិយទេវបុត្ត	សុរិយ|ទេវ|បុត្ត	ស・ុ・រ・ិ・យ・ទ・េ・វ・ប・ុ・ត・្・ត
សុរុម្មត្តកៈ	សុរុម្មត្តកៈ	ស・ុ・រ・ុ・ម・្・ម・ត・្・ត・ក・ៈ
សុលភសម្បត្តិ	សុល|ភសម្បត្តិ	ស・ុ・ល・ភ・ស・ម・្・ប・ត・្・ត・ិ
សូកចិត្ត	សូក|ចិត្ត	ស・ូ・ក・ច・ិ・ត・្・ត
សូត្រញត្តិនាគ	សូត្រ|ញត្តិ|នាគ	ស・ូ・ត・្・រ・ញ・ត・្・ត・ិ・ន・ា・គ
សូមទានមេត្តាប្រោស	សូម|ទាន|មេត្តា|ប្រោស	ស・ូ・ម・ទ・ា・ន・ម・េ・ត・្・ត・ា・ប・្・រ・ោ・ស
សូមទ្រង់ព្រះមេត្តាប្រោស	សូម|ទ្រង់|ព្រះ|មេត្តា|ប្រោស	ស・ូ・ម・ទ・្・រ・ង・់・ព・្・រ・ះ・ម・េ・ត・្・ត・ា・ប・្・រ・ោ・ស
សូមទ្រង់មេត្តាប្រោស	សូម|ទ្រង់|មេត្តា|ប្រោស	ស・ូ・ម・ទ・្・រ・ង・់・ម・េ・ត・្・ត・ា・ប・្・រ・ោ・ស
សូរចិត្ត	សូរ|ចិត្ត	ស・ូ・រ・ច・ិ・ត・្・ត
សេដ្ឋីបុត្ត	សេដ្ឋី|បុត្ត	ស・េ・ដ・្・ឋ・ី・ប・ុ・ត・្・ត
សេតច្ឆត្ត	សេត|ច្ឆត្ត	ស・េ・ត・ច・្・ឆ・ត・្・ត
សោតាបត្តិមគ្គ	សោតា|បត្តិ|មគ្គ	ស・ោ・ត・ា・ប・ត・្・ត・ិ・ម・គ・្・គ
សំយុងចិត្ត	សំយុង|ចិត្ត	ស・ំ・យ・ុ・ង・ច・ិ・ត・្・ត
សំយុត្តស្រៈ	សំយុត្ត|ស្រៈ	ស・ំ・យ・ុ・ត・្・ត・ស・្・រ・ៈ
សំសេទជសត្ត	សំសេទ|ជសត្ត	ស・ំ・ស・េ・ទ・ជ・ស・ត・្・ត
ស្កាំចិត្ត	ស្កាំ|ចិត្ត	ស・្・ក・ា・ំ・ច・ិ・ត・្・ត
ស្ងប់ចិត្ត	ស្ងប់|ចិត្ត	ស・្・ង・ប・់・ច・ិ・ត・្・ត
ស្ងួនចិត្ត	ស្ងួន|ចិត្ត	ស・្・ង・ួ・ន・ច・ិ・ត・្・ត
ស្ដារចិត្ត	ស្ដារ|ចិត្ត	ស・្・ដ・ា・រ・ច・ិ・ត・្・ត
ស្ថិរចិត្ត	ស្ថិរ|ចិត្ត	ស・្・ថ・ិ・រ・ច・ិ・ត・្・ត
ស្ទាបចិត្តមើល	ស្ទាប|ចិត្ត|មើល	ស・្・ទ・ា・ប・ច・ិ・ត・្・ត・ម・ើ・ល
ស្ទើរចិត្ត	ស្ទើរ|ចិត្ត	ស・្・ទ・ើ・រ・ច・ិ・ត・្・ត
ស្នាមចិត្ត	ស្នាម|ចិត្ត	ស・្・ន・ា・ម・ច・ិ・ត・្・ត
ស្នឹមចិត្ត	ស្នឹម|ចិត្ត	ស・្・ន・ឹ・ម・ច・ិ・ត・្・ត
ស្ម័គ្រចិត្ត	ស្ម័គ្រ|ចិត្ត	ស・្・ម・័・គ・្・រ・ច・ិ・ត・្・ត
ស្រណុកចិត្ត	ស្រណុក|ចិត្ត	ស・្・រ・ណ・ុ・ក・ច・ិ・ត・្・ត
ស្រពន់ចិត្ត	ស្រពន់|ចិត្ត	ស・្・រ・ព・ន・់・ច・ិ・ត・្・ត
ស្រមណប្រតិបត្តិ	ស្រមណ|ប្រតិបត្តិ	ស・្・រ・ម・ណ・ប・្・រ・ត・ិ・ប・ត・្・ត・ិ
ស្រមុតចិត្ត	ស្រមុត|ចិត្ត	ស・្・រ・ម・ុ・ត・ច・ិ・ត・្・ត
ស្រយង់ចិត្ត	ស្រយង់|ចិត្ត	ស・្・រ・យ・ង・់・ច・ិ・ត・្・ត
ស្រវឹងចិត្ត	ស្រវឹង|ចិត្ត	ស・្・រ・វ・ឹ・ង・ច・ិ・ត・្・ត
ស្រវឹងសម្បត្តិ	ស្រវឹង|សម្បត្តិ	ស・្・រ・វ・ឹ・ង・ស・ម・្・ប・ត・្・ត・ិ
ស្រឡាញ់ខ្លួនត្រូវស្ងួនចំណី ស្រឡាញ់ស្រីត្រូវថ្នមចិត្ត	ស្រឡាញ់|ខ្លួន|ត្រូវ|ស្ងួន|ចំណី| |ស្រឡាញ់|ស្រី|ត្រូវ|ថ្នម|ចិត្ត	ស・្・រ・ឡ・ា・ញ・់・ខ・្・ល・ួ・ន・ត・្・រ・ូ・វ・ស・្・ង・ួ・ន・ច・ំ・ណ・ី・ ・ស・្・រ・ឡ・ា・ញ・់・ស・្・រ・ី・ត・្・រ・ូ・វ・ថ・្・ន・ម・ច・ិ・ត・្・ត
ស្លាប់ចិត្ត	ស្លាប់|ចិត្ត	ស・្・ល・ា・ប・់・ច・ិ・ត・្・ត
ស្វ័យប្រវត្ត	ស្វ័យ|ប្រវត្ត	ស・្・វ・័・យ・ប・្・រ・វ・ត・្・ត
ស្វ័យប្រវត្តិ	ស្វ័យ|ប្រវត្តិ	ស・្・វ・័・យ・ប・្・រ・វ・ត・្・ត・ិ
ស្វ័យប្រវត្តិកម្ម	ស្វ័យ|ប្រវត្តិ|កម្ម	ស・្・វ・័・យ・ប・្・រ・វ・ត・្・ត・ិ・ក・ម・្・ម
ស្អាងចិត្តជាថ្មី	ស្អាង|ចិត្ត|ជា|ថ្មី	ស・្・អ・ា・ង・ច・ិ・ត・្・ត・ជ・ា・ថ・្・ម・ី
ហដ្ឋចិត្ត	ហដ្ឋ|ចិត្ត	ហ・ដ・្・ឋ・ច・ិ・ត・្・ត
ហយោត្តម	ហយោត្តម	ហ・យ・ោ・ត・្・ត・ម
ហសិតុប្បាទចិត្ត	ហសិតុប្បាទ|ចិត្ត	ហ・ស・ិ・ត・ុ・ប・្・ប・ា・ទ・ច・ិ・ត・្・ត
ហាសចិត្ត	ហាស|ចិត្ត	ហ・ា・ស・ច・ិ・ត・្・ត
ហិរិឱត្តប្បៈ	ហិរិឱ|ត្ត|ប្បៈ	ហ・ិ・រ・ិ・ឱ・ត・្・ត・ប・្・ប・ៈ
ហិរោត្តប្បៈ	ហិរោត្ត|ប្បៈ	ហ・ិ・រ・ោ・ត・្・ត・ប・្・ប・ៈ
ហួសចិត្ត	ហួស|ចិត្ត	ហ・ួ・ស・ច・ិ・ត・្・ត
ឡើងចិត្ត	ឡើង|ចិត្ត	ឡ・ើ・ង・ច・ិ・ត・្・ត
ឡើងចិត្តឡើងចាង	ឡើង|ចិត្ត|ឡើង|ចាង	ឡ・ើ・ង・ច・ិ・ត・្・ត・ឡ・ើ・ង・ច・ា・ង
ឡើងទឹកចិត្ត	ឡើង|ទឹក|ចិត្ត	ឡ・ើ・ង・ទ・ឹ・ក・ច・ិ・ត・្・ត
អកុសលចិត្ត	អកុសល|ចិត្ត	អ・ក・ុ・ស・ល・ច・ិ・ត・្・ត
អក្ខធុត្តី	អក្ខ|ធុត្តី	អ・ក・្・ខ・ធ・ុ・ត・្・ត・ី
អក្ខធុត្តុម្មត្តកៈ	អក្ខ|ធុត្តុម្មត្តកៈ	អ・ក・្・ខ・ធ・ុ・ត・្・ត・ុ・ម・្・ម・ត・្・ត・ក・ៈ
អក្ខធុត្តុម្មត្តកៈ	អក្ខ|ធុត្តុម្មត្តកៈ	អ・ក・្・ខ・ធ・ុ・ត・្・ត・ុ・ម・្・ម・ត・្・ត・ក・ៈ
អក្ខរវិបត្តិ	អក្ខរ|វិបត្តិ	អ・ក・្・ខ・រ・វ・ិ・ប・ត・្・ត・ិ
អក្ខរសម្បត្តិ	អក្ខរ|សម្បត្តិ	អ・ក・្・ខ・រ・ស・ម・្・ប・ត・្・ត・ិ
អគាធចិត្ត	អគាធ|ចិត្ត	អ・គ・ា・ធ・ច・ិ・ត・្・ត
អង្កុញចិត្ត	អង្កុញ|ចិត្ត	អ・ង・្・ក・ុ・ញ・ច・ិ・ត・្・ត
អង្គនីតិបញ្ញត្តិ	អង្គ|នីតិ|បញ្ញត្តិ	អ・ង・្・គ・ន・ី・ត・ិ・ប・ញ・្・ញ・ត・្・ត・ិ
អង្គនីតិប្រតិបត្តិ	អង្គ|នីតិ|ប្រតិបត្តិ	អ・ង・្・គ・ន・ី・ត・ិ・ប・្・រ・ត・ិ・ប・ត・្・ត・ិ
អង្គបញ្ញត្តិ	អង្គ|បញ្ញត្តិ	អ・ង・្・គ・ប・ញ・្・ញ・ត・្・ត・ិ
អង្គរវត្ត	អង្គរ|វត្ត	អ・ង・្・គ・រ・វ・ត・្・ត
អង្វរចិត្ត	អង្វរ|ចិត្ត	អ・ង・្・វ・រ・ច・ិ・ត・្・ត
អចលចិត្ត	អចលចិត្ត	អ・ច・ល・ច・ិ・ត・្・ត
អចិត្ត	អចិត្ត	អ・ច・ិ・ត・្・ត
អចិត្ត!	អចិត្ត|!	អ・ច・ិ・ត・្・ត・!
អចិត្តកកម្ម	អចិត្ត|កកម្ម	អ・ច・ិ・ត・្・ត・ក・ក・ម・្・ម
អចិត្តកទោស	អចិត្ត|កទោស	អ・ច・ិ・ត・្・ត・ក・ទ・ោ・ស
អចិត្តកាបត្តិ	អចិត្ត|កាបត្តិ	អ・ច・ិ・ត・្・ត・ក・ា・ប・ត・្・ត・ិ
អចិត្តកាបត្តិ	អចិត្ត|កាបត្តិ	អ・ច・ិ・ត・្・ត・ក・ា・ប・ត・្・ត・ិ
អចិត្តកៈ	អចិត្ត|កៈ	អ・ច・ិ・ត・្・ត・ក・ៈ
អចិត្តក—	អចិត្ត|ក—	អ・ច・ិ・ត・្・ត・ក・—
អចិត្តជន	អចិត្ត|ជន	អ・ច・ិ・ត・្・ត・ជ・ន
អចិត្តបុគ្គល	អចិត្ត|បុគ្គល	អ・ច・ិ・ត・្・ត・ប・ុ・គ・្・គ・ល
អចិត្តា	អចិត្តា	អ・ច・ិ・ត・្・ត・ា
អចិត្តិភាព	អចិត្តិភាព	អ・ច・ិ・ត・្・ត・ិ・ភ・ា・ព
អច្ឆិទ្ទវុត្តិនី	អច្ឆិទ្ទ|វុត្តិ|នី	អ・ច・្・ឆ・ិ・ទ・្・ទ・វ・ុ・ត・្・ត・ិ・ន・ី
អច្ឆិទ្ទវុត្តី	អច្ឆិទ្ទ|វុត្តី	អ・ច・្・ឆ・ិ・ទ・្・ទ・វ・ុ・ត・្・ត・ី
អច្ឆិទ្រព្រឹត្តិ	អច្ឆិទ្រ|ព្រឹត្តិ	អ・ច・្・ឆ・ិ・ទ・្・រ・ព・្・រ・ឹ・ត・្・ត・ិ
អជ្ឈត្តសន្តាន	អជ្ឈត្ត|សន្តាន	អ・ជ・្・ឈ・ត・្・ត・ស・ន・្・ត・ា・ន
អជ្ឈត្តិកទាន	អជ្ឈត្តិក|ទាន	អ・ជ・្・ឈ・ត・្・ត・ិ・ក・ទ・ា・ន
អជ្ឈុបាតកសត្ត	អជ្ឈុបាតក|សត្ត	អ・ជ・្・ឈ・ុ・ប・ា・ត・ក・ស・ត・្・ត
អជ្ឈុប្បាតកសត្ត	អជ្ឈុប្បាត|ក|សត្ត	អ・ជ・្・ឈ・ុ・ប・្・ប・ា・ត・ក・ស・ត・្・ត
អញ្ញបដិបត្តិ	អញ្ញ|បដិបត្តិ	អ・ញ・្・ញ・ប・ដ・ិ・ប・ត・្・ត・ិ
អញ្ញប្បដិបត្តិ	អញ្ញប្បដិបត្តិ	អ・ញ・្・ញ・ប・្・ប・ដ・ិ・ប・ត・្・ត・ិ
អដ្ឋិចម្មសត្ត	អដ្ឋិច|ម្ម|សត្ត	អ・ដ・្・ឋ・ិ・ច・ម・្・ម・ស・ត・្・ត
អឌ្ឍរត្ត	អឌ្ឍរត្ត	អ・ឌ・្・ឍ・រ・ត・្・ត
អឌ្ឍរត្តិ	អឌ្ឍ|រត្តិ	អ・ឌ・្・ឍ・រ・ត・្・ត・ិ
អឌ្ឍសត្តាហៈ	អឌ្ឍ|សត្តាហៈ	អ・ឌ・្・ឍ・ស・ត・្・ត・ា・ហ・ៈ
អណ្ដែតចិត្ត	អណ្ដែត|ចិត្ត	អ・ណ・្・ដ・ែ・ត・ច・ិ・ត・្・ត
អតិជាតបុត្ត	អតិជាត|បុត្ត	អ・ត・ិ・ជ・ា・ត・ប・ុ・ត・្・ត
អតិថិវត្ត	អតិថិវត្ត	អ・ត・ិ・ថ・ិ・វ・ត・្・ត
អតិរេកភត្ត	អតិរេក|ភត្ត	អ・ត・ិ・រ・េ・ក・ភ・ត・្・ត
អតេកិច្ឆាបត្តិ	អតេកិច្ឆា|បត្តិ	អ・ត・េ・ក・ិ・ច・្・ឆ・ា・ប・ត・្・ត・ិ
អតេតិច្ឆាបត្តិ	អតេតិច្ឆា|បត្តិ	អ・ត・េ・ត・ិ・ច・្・ឆ・ា・ប・ត・្・ត・ិ
អត្ត	អត្ត	អ・ត・្・ត
អត្តកិច្ច	អត្ត|កិច្ច	អ・ត・្・ត・ក・ិ・ច・្・ច
អត្តកិលមកម្ម	អត្ត|កិល|មកម្ម	អ・ត・្・ត・ក・ិ・ល・ម・ក・ម・្・ម
អត្តកិលមថានុយោគ	អត្ត|កិលម|ថា|នុយោគ	អ・ត・្・ត・ក・ិ・ល・ម・ថ・ា・ន・ុ・យ・ោ・គ
អត្តខាត់	អត្តខាត់	អ・ត・្・ត・ខ・ា・ត・់
អត្តឃាត	អត្ត|ឃាត	អ・ត・្・ត・ឃ・ា・ត
អត្តឃាតកម្ម	អត្ត|ឃាត|កម្ម	អ・ត・្・ត・ឃ・ា・ត・ក・ម・្・ម
អត្តទត្ថ	អត្ត|ទត្ថ	អ・ត・្・ត・ទ・ត・្・ថ
អត្តទត្ថនិយម	អត្ត|ទត្ថ|និយម	អ・ត・្・ត・ទ・ត・្・ថ・ន・ិ・យ・ម
អត្តទត្ថបុគ្គល	អត្ត|ទត្ថ|បុគ្គល	អ・ត・្・ត・ទ・ត・្・ថ・ប・ុ・គ・្・គ・ល
អត្តទត្ថភាព	អត្ត|ទត្ថ|ភាព	អ・ត・្・ត・ទ・ត・្・ថ・ភ・ា・ព
អត្តទន្ត	អត្ត|ទន្ត	អ・ត・្・ត・ទ・ន・្・ត
អត្តទន្តី	អត្ត|ទន្តី	អ・ត・្・ត・ទ・ន・្・ត・ី
អត្តនោបទ	អត្ត|នោបទ	អ・ត・្・ត・ន・ោ・ប・ទ
អត្តនោមតិភាព	អត្ត|នោម|តិភាព	អ・ត・្・ត・ន・ោ・ម・ត・ិ・ភ・ា・ព
អត្តនោមត្យាធិប្បាយ	អត្ត|នោម|ត្យាធិប្បាយ	អ・ត・្・ត・ន・ោ・ម・ត・្・យ・ា・ធ・ិ・ប・្・ប・ា・យ
អត្តនោម័តិ	អត្ត|នោម័តិ	អ・ត・្・ត・ន・ោ・ម・័・ត・ិ
អត្តបរិហារ	អត្ត|បរិហារ	អ・ត・្・ត・ប・រ・ិ・ហ・ា・រ
អត្តប្រយោគ	អត្ត|ប្រយោគ	អ・ត・្・ត・ប・្・រ・យ・ោ・គ
អត្តពលកម្ម	អត្ត|ពលកម្ម	អ・ត・្・ត・ព・ល・ក・ម・្・ម
អត្តពលិក	អត្ត|ពលិក	អ・ត・្・ត・ព・ល・ិ・ក
អត្តពលិកា	អត្ត|ពលិកា	អ・ត・្・ត・ព・ល・ិ・ក・ា
អត្តពិគ្រោះ	អត្ត|ពិគ្រោះ	អ・ត・្・ត・ព・ិ・គ・្・រ・ោ・ះ
អត្តព្យាបាល	អត្ត|ព្យាបាល	អ・ត・្・ត・ព・្・យ・ា・ប・ា・ល
អត្តភាព	អត្ត|ភាព	អ・ត・្・ត・ភ・ា・ព
អត្តលេខ	អត្ត|លេខ	អ・ត・្・ត・ល・េ・ខ
អត្តវិនិបាតកម្ម	អត្ត|វិនិបាត|កម្ម	អ・ត・្・ត・វ・ិ・ន・ិ・ប・ា・ត・ក・ម・្・ម
អត្តសញ្ញាណ	អត្ត|សញ្ញាណ	អ・ត・្・ត・ស・ញ・្・ញ・ា・ណ
អត្តសញ្ញាណជាតិ	អត្ត|សញ្ញាណ|ជាតិ	អ・ត・្・ត・ស・ញ・្・ញ・ា・ណ・ជ・ា・ត・ិ
អត្តសញ្ញាណបត្រ	អត្ត|សញ្ញាណ|បត្រ	អ・ត・្・ត・ស・ញ・្・ញ・ា・ណ・ប・ត・្・រ
អត្តសញ្ញាណប័ណ្ណ	អត្ត|សញ្ញាណ|ប័ណ្ណ	អ・ត・្・ត・ស・ញ・្・ញ・ា・ណ・ប・័・ណ・្・ណ
អត្តសន្និយាតន៍	អត្ត|សន្និយាតន៍	អ・ត・្・ត・ស・ន・្・ន・ិ・យ・ា・ត・ន・៍
អត្តសម្មាបណិធិ	អត្ត|សម្មា|បណិធិ	អ・ត・្・ត・ស・ម・្・ម・ា・ប・ណ・ិ・ធ・ិ
អត្តហេតុ	អត្ត|ហេតុ	អ・ត・្・ត・ហ・េ・ត・ុ
អត្តា	អត្តា	អ・ត・្・ត・ា
អត្តាធិបតី	អត្តាធិបតី	អ・ត・្・ត・ា・ធ・ិ・ប・ត・ី
អត្តាធិបតេយ្យ	អត្តាធិបតេយ្យ	អ・ត・្・ត・ា・ធ・ិ・ប・ត・េ・យ・្・យ
អត្តាធីន	អត្តា|ធីន	អ・ត・្・ត・ា・ធ・ី・ន
អត្តាធីនភាព	អត្តា|ធីន|ភាព	អ・ត・្・ត・ា・ធ・ី・ន・ភ・ា・ព
អត្តានុវាទភ័យ	អត្តានុវាទ|ភ័យ	អ・ត・្・ត・ា・ន・ុ・វ・ា・ទ・ភ・័・យ
អត្តាពិគ្រោះ	អត្តា|ពិគ្រោះ	អ・ត・្・ត・ា・ព・ិ・គ・្・រ・ោ・ះ
អត្តាភិបាល	អត្តាភិបាល	អ・ត・្・ត・ា・ភ・ិ・ប・ា・ល
អត្តាវសនិយម	អត្តាវ|សនិយម	អ・ត・្・ត・ា・វ・ស・ន・ិ・យ・ម
អត្តាវសាធិបតេយ្យ	អត្តាវ|សាធិបតេយ្យ	អ・ត・្・ត・ា・វ・ស・ា・ធ・ិ・ប・ត・េ・យ・្・យ
អត្តាវសិក	អត្តាវ|សិក	អ・ត・្・ត・ា・វ・ស・ិ・ក
អត្តាវសី	អត្តាវ|សី	អ・ត・្・ត・ា・វ・ស・ី
អត្តា—	អត្តា—	អ・ត・្・ត・ា・—
អត្តុក្កង្សនកថា	អត្តុក្កង្ស|នក|ថា	អ・ត・្・ត・ុ・ក・្・ក・ង・្・ស・ន・ក・ថ・ា
អត្តុក្កង្សនភាព	អត្តុក្កង្សន|ភាព	អ・ត・្・ត・ុ・ក・្・ក・ង・្・ស・ន・ភ・ា・ព
អត្តុ—	អត្តុ—	អ・ត・្・ត・ុ・—
អត្តូបជីវ	អត្តូប|ជីវ	អ・ត・្・ត・ូ・ប・ជ・ី・វ
អត្តូបជីវិនី	អត្តូប|ជីវិនី	អ・ត・្・ត・ូ・ប・ជ・ី・វ・ិ・ន・ី
អត្តូបជីវី	អត្តូប|ជីវី	អ・ត・្・ត・ូ・ប・ជ・ី・វ・ី
អត្តៈ	អត្តៈ	អ・ត・្・ត・ៈ
អត្ត—	អត្ត—	អ・ត・្・ត・—
អត្ថវិបត្តិ	អត្ថ|វិបត្តិ	អ・ត・្・ថ・វ・ិ・ប・ត・្・ត・ិ
អទត្តពល	អទត្ត|ពល	អ・ទ・ត・្・ត・ព・ល
អទិដ្ឋមិត្ត	អទិដ្ឋ|មិត្ត	អ・ទ・ិ・ដ・្・ឋ・ម・ិ・ត・្・ត
អធិចិត្ត	អធិចិត្ត	អ・ធ・ិ・ច・ិ・ត・្・ត
អធិចិត្តសិក្ខា	អធិចិត្ត|សិក្ខា	អ・ធ・ិ・ច・ិ・ត・្・ត・ស・ិ・ក・្・ខ・ា
អធិមត្ត	អធិមត្ត	អ・ធ・ិ・ម・ត・្・ត
អធិមុត្តិ	អធិមុត្តិ	អ・ធ・ិ・ម・ុ・ត・្・ត・ិ
អធិមុត្តិនិយម	អធិមុត្តិ|និយម	អ・ធ・ិ・ម・ុ・ត・្・ត・ិ・ន・ិ・យ・ម
អធិមុត្តិភាព	អធិមុត្តិភាព	អ・ធ・ិ・ម・ុ・ត・្・ត・ិ・ភ・ា・ព
អធ្យុត្តម	អធ្យុត្តម	អ・ធ・្・យ・ុ・ត・្・ត・ម
អនត្តលក្ខណ	អនត្ត|លក្ខណ	អ・ន・ត・្・ត・ល・ក・្・ខ・ណ
អនត្តលក្ខណៈ	អនត្ត|លក្ខណៈ	អ・ន・ត・្・ត・ល・ក・្・ខ・ណ・ៈ
អនត្តសញ្ញា	អនត្ត|សញ្ញា	អ・ន・ត・្・ត・ស・ញ・្・ញ・ា
អនត្តា	អនត្តា	អ・ន・ត・្・ត・ា
អនត្តាធីន	អនត្តា|ធីន	អ・ន・ត・្・ត・ា・ធ・ី・ន
អនត្តានុបស្សនា	អនត្តានុបស្សនា	អ・ន・ត・្・ត・ា・ន・ុ・ប・ស・្・ស・ន・ា
អនត្តានុបស្សិន	អនត្តានុបស្សិន	អ・ន・ត・្・ត・ា・ន・ុ・ប・ស・្・ស・ិ・ន
អនត្តានុបស្សិនី	អនត្តានុបស្សិនី	អ・ន・ត・្・ត・ា・ន・ុ・ប・ស・្・ស・ិ・ន・ី
អនត្តានុបស្សី	អនត្តានុបស្សី	អ・ន・ត・្・ត・ា・ន・ុ・ប・ស・្・ស・ី
អនត្តា—	អនត្តា—	អ・ន・ត・្・ត・ា・—
អនភិសិត្តរាជ	អន|ភិសិត្ត|រាជ	អ・ន・ភ・ិ・ស・ិ・ត・្・ត・រ・ា・ជ
អនាទរមិត្ត	អនាទរ|មិត្ត	អ・ន・ា・ទ・រ・ម・ិ・ត・្・ត
អនាទរាបត្តិ	អនាទ|រាបត្តិ	អ・ន・ា・ទ・រ・ា・ប・ត・្・ត・ិ
អនាបត្តិ	អនាបត្តិ	អ・ន・ា・ប・ត・្・ត・ិ
អនិមិត្ត	អនិមិត្ត	អ・ន・ិ・ម・ិ・ត・្・ត
អនិមិត្តភាព	អនិមិត្ត|ភាព	អ・ន・ិ・ម・ិ・ត・្・ត・ភ・ា・ព
អនិស្សយមុត្តក	អនិស្ស|យមុត្តក	អ・ន・ិ・ស・្・ស・យ・ម・ុ・ត・្・ត・ក
អនិស្សយមុត្តក៍	អនិស្ស|យមុត្តក៍	អ・ន・ិ・ស・្・ស・យ・ម・ុ・ត・្・ត・ក・៍
អនិស្សយមុត្តិកា	អនិស្ស|យមុត្តិកា	អ・ន・ិ・ស・្・ស・យ・ម・ុ・ត・្・ត・ិ・ក・ា
អនីតិជនអត្តាធីន	អនីតិ|ជន|អត្តា|ធីន	អ・ន・ី・ត・ិ・ជ・ន・អ・ត・្・ត・ា・ធ・ី・ន
អនុកម្បចិត្ត	អនុកម្បចិត្ត	អ・ន・ុ・ក・ម・្・ប・ច・ិ・ត・្・ត
អនុជាតបុត្ត	អនុជាត|បុត្ត	អ・ន・ុ・ជ・ា・ត・ប・ុ・ត・្・ត
អនុត្តរ	អនុត្តរ	អ・ន・ុ・ត・្・ត・រ
អនុត្តរធម៌	អនុត្តរ|ធម៌	អ・ន・ុ・ត・្・ត・រ・ធ・ម・៌
អនុត្តរបុគ្គល	អនុត្តរ|បុគ្គល	អ・ន・ុ・ត・្・ត・រ・ប・ុ・គ・្・គ・ល
អនុត្តរភាព	អនុត្តរ|ភាព	អ・ន・ុ・ត・្・ត・រ・ភ・ា・ព
អនុត្តរភាពនិយម	អនុត្តរ|ភាព|និយម	អ・ន・ុ・ត・្・ត・រ・ភ・ា・ព・ន・ិ・យ・ម
អនុត្តរសម្ពោធិញ្ញាណ	អនុត្តរ|សម្ពោធិញ្ញាណ	អ・ន・ុ・ត・្・ត・រ・ស・ម・្・ព・ោ・ធ・ិ・ញ・្・ញ・ា・ណ
អនុត្តរសម្មាសម្ពោធិ	អនុត្តរ|សម្មា|សម្ពោធិ	អ・ន・ុ・ត・្・ត・រ・ស・ម・្・ម・ា・ស・ម・្・ព・ោ・ធ・ិ
អនុប្បញ្ញត្តិ	អនុប្បញ្ញត្តិ	អ・ន・ុ・ប・្・ប・ញ・្・ញ・ត・្・ត・ិ
អនុវត្ត	អនុវត្ត	អ・ន・ុ・វ・ត・្・ត
អនុវត្តន៍	អនុវត្តន៍	អ・ន・ុ・វ・ត・្・ត・ន・៍
អនុវត្តិ	អនុវត្តិ	អ・ន・ុ・វ・ត・្・ត・ិ
អនោតត្ត	អនោត|ត្ត	អ・ន・ោ・ត・ត・្・ត
អនោតត្តស្រះ	អនោត|ត្ត|ស្រះ	អ・ន・ោ・ត・ត・្・ត・ស・្・រ・ះ
អនោមកសត្ត	អនោមក|សត្ត	អ・ន・ោ・ម・ក・ស・ត・្・ត
អនោមសត្ត	អនោម|សត្ត	អ・ន・ោ・ម・ស・ត・្・ត
អន់ចិត្ត	អន់|ចិត្ត	អ・ន・់・ច・ិ・ត・្・ត
អន្តរចិត្តវិជ្ជា	អន្តរ|ចិត្ត|វិជ្ជា	អ・ន・្・ត・រ・ច・ិ・ត・្・ត・វ・ិ・ជ・្・ជ・ា
អន្តរត្តិភាព	អន្តរ|ត្តិភាព	អ・ន・្・ត・រ・ត・្・ត・ិ・ភ・ា・ព
អន្តរប្បញ្ញត្តិ	អន្តរ|ប្បញ្ញត្តិ	អ・ន・្・ត・រ・ប・្・ប・ញ・្・ញ・ត・្・ត・ិ
អន្តរាបត្តិ	អន្តរាបត្តិ	អ・ន・្・ត・រ・ា・ប・ត・្・ត・ិ
អន្តិមត្តភាព	អន្តិ|មត្ត|ភាព	អ・ន・្・ត・ិ・ម・ត・្・ត・ភ・ា・ព
អបចិត្ត	អបចិត្ត	អ・ប・ច・ិ・ត・្・ត
អបាយមុខុម្មត្តកៈ	អបាយ|មុខុម្មត្តកៈ	អ・ប・ា・យ・ម・ុ・ខ・ុ・ម・្・ម・ត・្・ត・ក・ៈ
អបាយសត្ត	អបាយ|សត្ត	អ・ប・ា・យ・ស・ត・្・ត
អបាយសំវត្តនិក	អបាយ|សំវត្ត|និក	អ・ប・ា・យ・ស・ំ・វ・ត・្・ត・ន・ិ・ក
អបុត្តក	អបុត្តក	អ・ប・ុ・ត・្・ត・ក
អបុត្តកោ	អបុត្ត|កោ	អ・ប・ុ・ត・្・ត・ក・ោ
អបុត្តកៈ	អបុត្តកៈ	អ・ប・ុ・ត・្・ត・ក・ៈ
អបុត្តិកា	អបុត្តិកា	អ・ប・ុ・ត・្・ត・ិ・ក・ា
អប្បដិឃចិត្ត	អប្បដិឃ|ចិត្ត	អ・ប・្・ប・ដ・ិ・ឃ・ច・ិ・ត・្・ត
អប្បដិបត្តិ	អប្បដិបត្តិ	អ・ប・្・ប・ដ・ិ・ប・ត・្・ត・ិ
អប្បដិវត្ត	អប្បដិវត្ត	អ・ប・្・ប・ដ・ិ・វ・ត・្・ត
អប្បដិវត្តន៍	អប្បដិវត្តន៍	អ・ប・្・ប・ដ・ិ・វ・ត・្・ត・ន・៍
អប្បដិវត្តិយកម្ម	អប្បដិវត្តិយ|កម្ម	អ・ប・្・ប・ដ・ិ・វ・ត・្・ត・ិ・យ・ក・ម・្・ម
អប្បដិវត្តិយៈ	អប្បដិវត្តិយៈ	អ・ប・្・ប・ដ・ិ・វ・ត・្・ត・ិ・យ・ៈ
អប្បដិវត្តិយ៍	អប្បដិវត្តិយ៍	អ・ប・្・ប・ដ・ិ・វ・ត・្・ត・ិ・យ・៍
អប្បនាចិត្ត	អប្បនា|ចិត្ត	អ・ប・្・ប・ន・ា・ច・ិ・ត・្・ត
អប្បិយបុត្ត	អប្បិយ|បុត្ត	អ・ប・្・ប・ិ・យ・ប・ុ・ត・្・ត
អប្បេសក្ខទេវបុត្ត	អប្បេសក្ខ|ទេវ|បុត្ត	អ・ប・្・ប・េ・ស・ក・្・ខ・ទ・េ・វ・ប・ុ・ត・្・ត
អប្រតិឃចិត្ត	អប្រតិឃ|ចិត្ត	អ・ប・្・រ・ត・ិ・ឃ・ច・ិ・ត・្・ត
អព្ភមុត្ត	អព្ភ|មុត្ត	អ・ព・្・ភ・ម・ុ・ត・្・ត
អព្យត្ត	អព្យ|ត្ត	អ・ព・្・យ・ត・្・ត
អព្យត្តជន	អព្យ|ត្ត|ជន	អ・ព・្・យ・ត・្・ត・ជ・ន
អព្យត្តបុគ្គល	អព្យ|ត្ត|បុគ្គល	អ・ព・្・យ・ត・្・ត・ប・ុ・គ・្・គ・ល
អព្យត្តភាព	អព្យ|ត្ត|ភាព	អ・ព・្・យ・ត・្・ត・ភ・ា・ព
អព្យត្តវោហារ	អព្យ|ត្ត|វោហារ	អ・ព・្・យ・ត・្・ត・វ・ោ・ហ・ា・រ
អព្យត្តា	អព្យ|ត្តា	អ・ព・្・យ・ត・្・ត・ា
អព្យត្ត—	អព្យ|ត្ត—	អ・ព・្・យ・ត・្・ត・—
អព្យាកតចិត្ត	អព្យាកត|ចិត្ត	អ・ព・្・យ・ា・ក・ត・ច・ិ・ត・្・ត
អព្យ័ត្ត	អព្យ័ត្ត	អ・ព・្・យ・័・ត・្・ត
អភិគោត្ត	អភិគោត្ត	អ・ភ・ិ・គ・ោ・ត・្・ត
អភិបាលខេត្ត	អភិបាល|ខេត្ត	អ・ភ・ិ・ប・ា・ល・ខ・េ・ត・្・ត
អភិសមាចារិកវត្ត	អភិសមាចារិក|វត្ត	អ・ភ・ិ・ស・ម・ា・ច・ា・រ・ិ・ក・វ・ត・្・ត
អភិសិត្តរាជ	អភិសិត្ត|រាជ	អ・ភ・ិ・ស・ិ・ត・្・ត・រ・ា・ជ
អមត្តញ្ញុតា	អមត្តញ្ញុតា	អ・ម・ត・្・ត・ញ・្・ញ・ុ・ត・ា
អមត្តញ្ញូ	អមត្តញ្ញូ	អ・ម・ត・្・ត・ញ・្・ញ・ូ
អមិត្ត	អមិត្ត	អ・ម・ិ・ត・្・ត
អមិត្តតាបនា	អមិត្តតាបនា	អ・ម・ិ・ត・្・ត・ត・ា・ប・ន・ា
អមិត្តភាព	អមិត្ត|ភាព	អ・ម・ិ・ត・្・ត・ភ・ា・ព
អមោឃប្រតិបត្តិ	អមោឃ|ប្រតិបត្តិ	អ・ម・ោ・ឃ・ប・្・រ・ត・ិ・ប・ត・្・ត・ិ
អយុត្ត	អយុត្ត	អ・យ・ុ・ត・្・ត
អយុត្តកម្ម	អយុត្ត|កម្ម	អ・យ・ុ・ត・្・ត・ក・ម・្・ម
អយុត្តកិច្ច	អយុត្ត|កិច្ច	អ・យ・ុ・ត・្・ត・ក・ិ・ច・្・ច
អយុត្តធម៌	អយុត្ត|ធម៌	អ・យ・ុ・ត・្・ត・ធ・ម・៌
អយុត្តភាព	អយុត្ត|ភាព	អ・យ・ុ・ត・្・ត・ភ・ា・ព
អយុត្តរូប	អយុត្ត|រូប	អ・យ・ុ・ត・្・ត・រ・ូ・ប
អយុត្តវាចា	អយុត្ត|វាចា	អ・យ・ុ・ត・្・ត・វ・ា・ច・ា
អយុត្តវាទ	អយុត្ត|វាទ	អ・យ・ុ・ត・្・ត・វ・ា・ទ
អយុត្តវាទិនី	អយុត្ត|វា|ទិនី	អ・យ・ុ・ត・្・ត・វ・ា・ទ・ិ・ន・ី
អយុត្តវាទី	អយុត្ត|វាទី	អ・យ・ុ・ត・្・ត・វ・ា・ទ・ី
អយុត្តសន្និដ្ឋាន	អយុត្ត|សន្និដ្ឋាន	អ・យ・ុ・ត・្・ត・ស・ន・្・ន・ិ・ដ・្・ឋ・ា・ន
អយុត្តិធម៌	អយុត្តិធម៌	អ・យ・ុ・ត・្・ត・ិ・ធ・ម・៌
អយុត្ត—	អយុត្ត—	អ・យ・ុ・ត・្・ត・—
អយ្យបុត្ត	អយ្យបុត្ត	អ・យ・្・យ・ប・ុ・ត・្・ត
អរហត្ត	អរហត្ត	អ・រ・ហ・ត・្・ត
អរហត្តផ	អរហត្តផ	អ・រ・ហ・ត・្・ត・ផ
អរហត្តផល	អរហត្ត|ផល	អ・រ・ហ・ត・្・ត・ផ・ល
អរហត្តមគ្គ	អរហត្ត|មគ្គ	អ・រ・ហ・ត・្・ត・ម・គ・្・គ
អលោភចិត្ត	អលោភ|ចិត្ត	អ・ល・ោ・ភ・ច・ិ・ត・្・ត
អវជាតបុត្ត	អវជាត|បុត្ត	អ・វ・ជ・ា・ត・ប・ុ・ត・្・ត
អវត្តមាន	អវត្តមាន	អ・វ・ត・្・ត・ម・ា・ន
អវសានប្បញ្ញត្តិ	អវសាន|ប្បញ្ញត្តិ	អ・វ・ស・ា・ន・ប・្・ប・ញ・្・ញ・ត・្・ត・ិ
អសញ្ញីសត្ត	អសញ្ញី|សត្ត	អ・ស・ញ・្・ញ・ី・ស・ត・្・ត
អសាធារណប្បញ្ញត្តិ	អសាធារណប្បញ្ញត្តិ	អ・ស・ា・ធ・ា・រ・ណ・ប・្・ប・ញ・្・ញ・ត・្・ត・ិ
អសុទ្ធចិត្ត	អសុទ្ធ|ចិត្ត	អ・ស・ុ・ទ・្・ធ・ច・ិ・ត・្・ត
អស់ចិត្ត	អស់|ចិត្ត	អ・ស・់・ច・ិ・ត・្・ត
អស្សុជលនេត្ត	អស្សុជល|នេត្ត	អ・ស・្・ស・ុ・ជ・ល・ន・េ・ត・្・ត
អហេតុកចិត្ត	អហេតុ|កចិត្ត	អ・ហ・េ・ត・ុ・ក・ច・ិ・ត・្・ត
អហេតុកសត្ត	អហេតុក|សត្ត	អ・ហ・េ・ត・ុ・ក・ស・ត・្・ត
អហោរត្ត	អហោរ|ត្ត	អ・ហ・ោ・រ・ត・្・ត
អាកុលចិត្ត	អាកុល|ចិត្ត	អ・ា・ក・ុ・ល・ច・ិ・ត・្・ត
អាក់អន់ស្រពន់ចិត្ត	អាក់អន់|ស្រពន់|ចិត្ត	អ・ា・ក・់・អ・ន・់・ស・្・រ・ព・ន・់・ច・ិ・ត・្・ត
អាក្រោធចិត្ត	អាក្រោធ|ចិត្ត	អ・ា・ក・្・រ・ោ・ធ・ច・ិ・ត・្・ត
អាគន្តុកភត្ត	អាគន្តុក|ភត្ត	អ・ា・គ・ន・្・ត・ុ・ក・ភ・ត・្・ត
អាគន្តុកវត្ត	អាគន្តុក|វត្ត	អ・ា・គ・ន・្・ត・ុ・ក・វ・ត・្・ត
អាឃាតវិមុត្ត	អាឃាត|វិមុត្ត	អ・ា・ឃ・ា・ត・វ・ិ・ម・ុ・ត・្・ត
អាចរិយមត្ត	អាច|រិយ|មត្ត	អ・ា・ច・រ・ិ・យ・ម・ត・្・ត
អាចរិយវត្ត	អាច|រិយ|វត្ត	អ・ា・ច・រ・ិ・យ・វ・ត・្・ត
អាចារវិបត្តិ	អាចារ|វិបត្តិ	អ・ា・ច・ា・រ・វ・ិ・ប・ត・្・ត・ិ
អាចារសម្បត្តិ	អាចារ|សម្បត្តិ	អ・ា・ច・ា・រ・ស・ម・្・ប・ត・្・ត・ិ
អាចារ្យវត្ត	អាចារ្យ|វត្ត	អ・ា・ច・ា・រ・្・យ・វ・ត・្・ត
អាចារ្យសម្រាប់វត្ត	អាចារ្យ|សម្រាប់|វត្ត	អ・ា・ច・ា・រ・្・យ・ស・ម・្・រ・ា・ប・់・វ・ត・្・ត
អាចិណ្ណវត្ត	អាចិណ្ណ|វត្ត	អ・ា・ច・ិ・ណ・្・ណ・វ・ត・្・ត
អាចិណ្ណសម្បត្តិ	អាចិណ្ណ|សម្បត្តិ	អ・ា・ច・ិ・ណ・្・ណ・ស・ម・្・ប・ត・្・ត・ិ
អាជីវប្បវុត្តិ	អាជីវប្បវុត្តិ	អ・ា・ជ・ី・វ・ប・្・ប・វ・ុ・ត・្・ត・ិ
អាជីវប្រព្រឹត្តិ	អាជីវ|ប្រព្រឹត្តិ	អ・ា・ជ・ី・វ・ប・្・រ・ព・្・រ・ឹ・ត・្・ត・ិ
អាណត្តិ	អាណត្តិ	អ・ា・ណ・ត・្・ត・ិ
អាណត្តិកម្ម	អាណត្តិ|កម្ម	អ・ា・ណ・ត・្・ត・ិ・ក・ម・្・ម
អាណត្តិការណ៍	អាណត្តិ|ការណ៍	អ・ា・ណ・ត・្・ត・ិ・ក・ា・រ・ណ・៍
អាណត្តិកិរិយា	អាណត្តិ|កិរិយា	អ・ា・ណ・ត・្・ត・ិ・ក・ិ・រ・ិ・យ・ា
អាណត្តិទូរលិក	អាណត្តិ|ទូរលិក	អ・ា・ណ・ត・្・ត・ិ・ទ・ូ・រ・ល・ិ・ក
អាណត្តិពាក្យ	អាណត្តិ|ពាក្យ	អ・ា・ណ・ត・្・ត・ិ・ព・ា・ក・្・យ
អាណត្តិភាព	អាណត្តិភាព	អ・ា・ណ・ត・្・ត・ិ・ភ・ា・ព
អាណត្តិលក្ខណៈ	អាណត្តិ|លក្ខណៈ	អ・ា・ណ・ត・្・ត・ិ・ល・ក・្・ខ・ណ・ៈ
អាណត្តិលក្ខណ៍	អាណត្តិ|លក្ខណ៍	អ・ា・ណ・ត・្・ត・ិ・ល・ក・្・ខ・ណ・៍
អាណត្តិវាក្យ	អាណត្តិ|វាក្យ	អ・ា・ណ・ត・្・ត・ិ・វ・ា・ក・្・យ
អាណត្តិវាចា	អាណត្តិ|វាចា	អ・ា・ណ・ត・្・ត・ិ・វ・ា・ច・ា
អាណត្តិវាទ	អាណត្តិ|វាទ	អ・ា・ណ・ត・្・ត・ិ・វ・ា・ទ
អាណត្តិសញ្ញា	អាណត្តិ|សញ្ញា	អ・ា・ណ・ត・្・ត・ិ・ស・ញ・្・ញ・ា
អាណត្តិសព្ទ	អាណត្តិ|សព្ទ	អ・ា・ណ・ត・្・ត・ិ・ស・ព・្・ទ
អាណត្តិ—	អាណត្តិ—	អ・ា・ណ・ត・្・ត・ិ・—
អាណាខេត្ត	អាណា|ខេត្ត	អ・ា・ណ・ា・ខ・េ・ត・្・ត
អាណាបវត្តិ	អាណាប|វត្តិ	អ・ា・ណ・ា・ប・វ・ត・្・ត・ិ
អាទរប្រតិបត្តិ	អាទរ|ប្រតិបត្តិ	អ・ា・ទ・រ・ប・្・រ・ត・ិ・ប・ត・្・ត・ិ
អាទរមិត្ត	អាទរ|មិត្ត	អ・ា・ទ・រ・ម・ិ・ត・្・ត
អាទិច្ចគោត្ត	អាទិច្ច|គោត្ត	អ・ា・ទ・ិ・ច・្・ច・គ・ោ・ត・្・ត
អានាទរាបត្តិ	អានាទ|រាបត្តិ	អ・ា・ន・ា・ទ・រ・ា・ប・ត・្・ត・ិ
អាបត្តិ	អាបត្តិ	អ・ា・ប・ត・្・ត・ិ
អាបាយិកសត្ត	អា|បាយិក|សត្ត	អ・ា・ប・ា・យ・ិ・ក・ស・ត・្・ត
អាភោគចិត្ត	អា|ភោគ|ចិត្ត	អ・ា・ភ・ោ・គ・ច・ិ・ត・្・ត
អាមកភត្ត	អា|មក|ភត្ត	អ・ា・ម・ក・ភ・ត・្・ត
អាយុត្តកដ្ឋាន	អាយុ|ត្ត|កដ្ឋាន	អ・ា・យ・ុ・ត・្・ត・ក・ដ・្・ឋ・ា・ន
អាយុត្តកៈ	អាយុត្តកៈ	អ・ា・យ・ុ・ត・្・ត・ក・ៈ
អារម្ភចិត្ត	អារម្ភ|ចិត្ត	អ・ា・រ・ម・្・ភ・ច・ិ・ត・្・ត
អាវាសិកវត្ត	អាវាសិក|វត្ត	អ・ា・វ・ា・ស・ិ・ក・វ・ត・្・ត
អំណាចនីតិបញ្ញត្តិ	អំណាច|នីតិ|បញ្ញត្តិ	អ・ំ・ណ・ា・ច・ន・ី・ត・ិ・ប・ញ・្・ញ・ត・្・ត・ិ
អំណាចនីតិប្បញ្ញត្តិ	អំណាច|នីតិ|ប្បញ្ញត្តិ	អ・ំ・ណ・ា・ច・ន・ី・ត・ិ・ប・្・ប・ញ・្・ញ・ត・្・ត・ិ
អំណាចនីតិប្រតិបត្តិ	អំណាច|នីតិ|ប្រតិបត្តិ	អ・ំ・ណ・ា・ច・ន・ី・ត・ិ・ប・្・រ・ត・ិ・ប・ត・្・ត・ិ
ឥតិវុត្តក	ឥតិវុត្តក	ឥ・ត・ិ・វ・ុ・ត・្・ត・ក
ឥត្ថីកុត្ត	ឥត្ថី|កុត្ត	ឥ・ត・្・ថ・ី・ក・ុ・ត・្・ត
ឥត្ថីធុត្តភាព	ឥត្ថី|ធុត្ត|ភាព	ឥ・ត・្・ថ・ី・ធ・ុ・ត・្・ត・ភ・ា・ព
ឥត្ថីធុត្តៈ	ឥត្ថី|ធុត្តៈ	ឥ・ត・្・ថ・ី・ធ・ុ・ត・្・ត・ៈ
ឥត្ថុម្មត្តកៈ	ឥត្ថុ|ម្មត្តកៈ	ឥ・ត・្・ថ・ុ・ម・្・ម・ត・្・ត・ក・ៈ
ឥធលោកត្តភាព	ឥធ|លោក|ត្ត|ភាព	ឥ・ធ・ល・ោ・ក・ត・្・ត・ភ・ា・ព
ឥន្ទបត្ត	ឥន្ទ|បត្ត	ឥ・ន・្・ទ・ប・ត・្・ត
ឥរិយាបថបរិវត្តន៍	ឥរិយាបថ|បរិវត្តន៍	ឥ・រ・ិ・យ・ា・ប・ថ・ប・រ・ិ・វ・ត・្・ត・ន・៍
ឥរិយាបថសម្បត្តិ	ឥរិយាបថ|សម្បត្តិ	ឥ・រ・ិ・យ・ា・ប・ថ・ស・ម・្・ប・ត・្・ត・ិ
ឥស្សរចិត្ត	ឥស្សរ|ចិត្ត	ឥ・ស・្・ស・រ・ច・ិ・ត・្・ត
ឧក្កដ្ឋប្បញ្ញត្តិ	ឧក្កដ្ឋប្បញ្ញត្តិ	ឧ・ក・្・ក・ដ・្・ឋ・ប・្・ប・ញ・្・ញ・ត・្・ត・ិ
ឧក្កដ្ឋប្បដិបត្តិ	ឧក្កដ្ឋប្បដិបត្តិ	ឧ・ក・្・ក・ដ・្・ឋ・ប・្・ប・ដ・ិ・ប・ត・្・ត・ិ
ឧគ្គហនិមិត្ត	ឧគ្គហ|និមិត្ត	ឧ・គ・្・គ・ហ・ន・ិ・ម・ិ・ត・្・ត
ឧច្ចគោត្ត	ឧច្ច|គោត្ត	ឧ・ច・្・ច・គ・ោ・ត・្・ត
ឧច្ឆត្ត	ឧច្ឆត្ត	ឧ・ច・្・ឆ・ត・្・ត
ឧច្ឆត្តកូល	ឧច្ឆត្ត|កូល	ឧ・ច・្・ឆ・ត・្・ត・ក・ូ・ល
ឧច្ឆត្តជាតិ	ឧច្ឆត្ត|ជាតិ	ឧ・ច・្・ឆ・ត・្・ត・ជ・ា・ត・ិ
ឧច្ឆត្តបុស្ប	ឧច្ឆត្ត|បុស្ប	ឧ・ច・្・ឆ・ត・្・ត・ប・ុ・ស・្・ប
ឧជុចិត្ត	ឧជុចិត្ត	ឧ・ជ・ុ・ច・ិ・ត・្・ត
ឧជុបត្តសត្វ	ឧជុបត្ត|សត្វ	ឧ・ជ・ុ・ប・ត・្・ត・ស・ត・្・វ
ឧជុប្បដិបត្តិ	ឧជុប្បដិបត្តិ	ឧ・ជ・ុ・ប・្・ប・ដ・ិ・ប・ត・្・ត・ិ
ឧដុង្គឧត្តម	ឧដុង្គឧត្តម	ឧ・ដ・ុ・ង・្・គ・ឧ・ត・្・ត・ម
ឧណ្ហចិត្ត	ឧណ្ហ|ចិត្ត	ឧ・ណ・្・ហ・ច・ិ・ត・្・ត
ឧណ្ហ៍ចិត្ត	ឧណ្ហ៍|ចិត្ត	ឧ・ណ・្・ហ・៍・ច・ិ・ត・្・ត
ឧត្តម	ឧត្តម	ឧ・ត・្・ត・ម
ឧត្តមគតិ	ឧត្តម|គតិ	ឧ・ត・្・ត・ម・គ・ត・ិ
ឧត្តមគតិរឿង	ឧត្តម|គតិ|រឿង	ឧ・ត・្・ត・ម・គ・ត・ិ・រ・ឿ・ង
ឧត្តមគន្ធ	ឧត្តម|គន្ធ	ឧ・ត・្・ត・ម・គ・ន・្・ធ
ឧត្តមគោត្ត	ឧត្តម|គោត្ត	ឧ・ត・្・ត・ម・គ・ោ・ត・្・ត
ឧត្តមគោត្ត	ឧត្តម|គោត្ត	ឧ・ត・្・ត・ម・គ・ោ・ត・្・ត
ឧត្តមគោត្រ	ឧត្តម|គោត្រ	ឧ・ត・្・ត・ម・គ・ោ・ត・្・រ
ឧត្តមគ្រឹហា	ឧត្តម|គ្រឹហា	ឧ・ត・្・ត・ម・គ・្・រ・ឹ・ហ・ា
ឧត្តមគ្រឹះ	ឧត្តម|គ្រឹះ	ឧ・ត・្・ត・ម・គ・្・រ・ឹ・ះ
ឧត្តមង្គ	ឧត្តមង្គ	ឧ・ត・្・ត・ម・ង・្・គ
ឧត្តមជាតិ	ឧត្តម|ជាតិ	ឧ・ត・្・ត・ម・ជ・ា・ត・ិ
ឧត្តមដ្ឋាន	ឧត្តម|ដ្ឋាន	ឧ・ត・្・ត・ម・ដ・្・ឋ・ា・ន
ឧត្តមនាវី	ឧត្តម|នាវី	ឧ・ត・្・ត・ម・ន・ា・វ・ី
ឧត្តមនាវីត្រី	ឧត្តម|នាវី|ត្រី	ឧ・ត・្・ត・ម・ន・ា・វ・ី・ត・្・រ・ី
ឧត្តមនាវីទោ	ឧត្តម|នាវី|ទោ	ឧ・ត・្・ត・ម・ន・ា・វ・ី・ទ・ោ
ឧត្តមនាវីឯក	ឧត្តម|នាវី|ឯក	ឧ・ត・្・ត・ម・ន・ា・វ・ី・ឯ・ក
ឧត្តមបុរស	ឧត្តម|បុរស	ឧ・ត・្・ត・ម・ប・ុ・រ・ស
ឧត្តមបុរិសៈ	ឧត្តម|បុរិសៈ	ឧ・ត・្・ត・ម・ប・ុ・រ・ិ・ស・ៈ
ឧត្តមប្រយោជន៍	ឧត្តម|ប្រយោជន៍	ឧ・ត・្・ត・ម・ប・្・រ・យ・ោ・ជ・ន・៍
ឧត្តមពង្ស	ឧត្តម|ពង្ស	ឧ・ត・្・ត・ម・ព・ង・្・ស
ឧត្តមភាព	ឧត្តម|ភាព	ឧ・ត・្・ត・ម・ភ・ា・ព
ឧត្តមភូមិ	ឧត្តម|ភូមិ	ឧ・ត・្・ត・ម・ភ・ូ・ម・ិ
ឧត្តមភេទ	ឧត្តម|ភេទ	ឧ・ត・្・ត・ម・ភ・េ・ទ
ឧត្តមមន្ត្រី	ឧត្តម|មន្ត្រី	ឧ・ត・្・ត・ម・ម・ន・្・ត・្・រ・ី
ឧត្តមវង្ស	ឧត្តម|វង្ស	ឧ・ត・្・ត・ម・វ・ង・្・ស
ឧត្តមវិជ្ជា	ឧត្តម|វិជ្ជា	ឧ・ត・្・ត・ម・វ・ិ・ជ・្・ជ・ា
ឧត្តមវិទ្យា	ឧត្តម|វិទ្យា	ឧ・ត・្・ត・ម・វ・ិ・ទ・្・យ・ា
ឧត្តមសិក្សា	ឧត្តម|សិក្សា	ឧ・ត・្・ត・ម・ស・ិ・ក・្・ស・ា
ឧត្តមសេនានី	ឧត្តម|សេនានី	ឧ・ត・្・ត・ម・ស・េ・ន・ា・ន・ី
ឧត្តមសេនីយ៍	ឧត្តម|សេនីយ៍	ឧ・ត・្・ត・ម・ស・េ・ន・ី・យ・៍
ឧត្តមសេនីយ៍ត្រី	ឧត្តម|សេនីយ៍|ត្រី	ឧ・ត・្・ត・ម・ស・េ・ន・ី・យ・៍・ត・្・រ・ី
ឧត្តមសេនីយ៍ទោ	ឧត្តម|សេនីយ៍|ទោ	ឧ・ត・្・ត・ម・ស・េ・ន・ី・យ・៍・ទ・ោ
ឧត្តមសេនីយ៍ឯក	ឧត្តម|សេនីយ៍|ឯក	ឧ・ត・្・ត・ម・ស・េ・ន・ី・យ・៍・ឯ・ក
ឧត្តមស័ក្ដិ	ឧត្តម|ស័ក្ដិ	ឧ・ត・្・ត・ម・ស・័・ក・្・ដ・ិ
ឧត្តមស្នងការ	ឧត្តម|ស្នងការ	ឧ・ត・្・ត・ម・ស・្・ន・ង・ក・ា・រ
ឧត្តមា	ឧត្តមា	ឧ・ត・្・ត・ម・ា
ឧត្តមាង្គ	ឧត្តមាង្គ	ឧ・ត・្・ត・ម・ា・ង・្・គ
ឧត្តមានុភាព	ឧត្តមានុភាព	ឧ・ត・្・ត・ម・ា・ន・ុ・ភ・ា・ព
ឧត្តមានុវត្ត	ឧត្តមានុវត្ត	ឧ・ត・្・ត・ម・ា・ន・ុ・វ・ត・្・ត
ឧត្តមានុវត្ត	ឧត្តមានុវត្ត	ឧ・ត・្・ត・ម・ា・ន・ុ・វ・ត・្・ត
ឧត្តមាភិសេក	ឧត្តមាភិសេក	ឧ・ត・្・ត・ម・ា・ភ・ិ・ស・េ・ក
ឧត្តមោ	ឧត្តមោ	ឧ・ត・្・ត・ម・ោ
ឧត្តមំ	ឧត្តមំ	ឧ・ត・្・ត・ម・ំ
ឧត្តមៈ	ឧត្តមៈ	ឧ・ត・្・ត・ម・ៈ
ឧត្តម—	ឧត្តម|—	ឧ・ត・្・ត・ម・—
ឧត្តរ	ឧត្តរ	ឧ・ត・្・ត・រ
ឧត្តរករោទ្វីប	ឧត្តរក|រោទ្វីប	ឧ・ត・្・ត・រ・ក・រ・ោ・ទ・្・វ・ី・ប
ឧត្តរកាយ	ឧត្តរ|កាយ	ឧ・ត・្・ត・រ・ក・ា・យ
ឧត្តរកាល	ឧត្តរកាល	ឧ・ត・្・ត・រ・ក・ា・ល
ឧត្តរកុរុ	ឧត្តរកុរុ	ឧ・ត・្・ត・រ・ក・ុ・រ・ុ
ឧត្តរកុរុទ្វីប	ឧត្តរកុរុទ្វីប	ឧ・ត・្・ត・រ・ក・ុ・រ・ុ・ទ・្・វ・ី・ប
ឧត្តរជីវី	ឧត្តរ|ជីវី	ឧ・ត・្・ត・រ・ជ・ី・វ・ី
ឧត្តរទិស	ឧត្តរ|ទិស	ឧ・ត・្・ត・រ・ទ・ិ・ស
ឧត្តរទិសាភាគ	ឧត្តរ|ទិសា|ភាគ	ឧ・ត・្・ត・រ・ទ・ិ・ស・ា・ភ・ា・គ
ឧត្តរនិកាយ	ឧត្តរ|និកាយ	ឧ・ត・្・ត・រ・ន・ិ・ក・ា・យ
ឧត្តរប័ដ	ឧត្តរប័ដ	ឧ・ត・្・ត・រ・ប・័・ដ
ឧត្តរមានជ័យ	ឧត្តរ|មាន|ជ័យ	ឧ・ត・្・ត・រ・ម・ា・ន・ជ・័・យ
ឧត្តរលុប	ឧត្តរលុប	ឧ・ត・្・ត・រ・ល・ុ・ប
ឧត្តរលោប	ឧត្តរ|លោប	ឧ・ត・្・ត・រ・ល・ោ・ប
ឧត្តរា	ឧត្តរា	ឧ・ត・្・ត・រ・ា
ឧត្តរានុទិស	ឧត្តរានុទិស	ឧ・ត・្・ត・រ・ា・ន・ុ・ទ・ិ・ស
ឧត្តរាព័ត៌	ឧត្តរា|ព័ត៌	ឧ・ត・្・ត・រ・ា・ព・័・ត・៌
ឧត្តរាភិមុខ	ឧត្តរា|ភិមុខ	ឧ・ត・្・ត・រ・ា・ភ・ិ・ម・ុ・ខ
ឧត្តរាវដ្ដ	ឧត្តរាវ|ដ្ដ	ឧ・ត・្・ត・រ・ា・វ・ដ・្・ដ
ឧត្តរាសង្គ	ឧត្តរា|សង្គ	ឧ・ត・្・ត・រ・ា・ស・ង・្・គ
ឧត្តរាសាឍ	ឧត្តរាសាឍ	ឧ・ត・្・ត・រ・ា・ស・ា・ឍ
ឧត្តរិ	ឧត្តរិ	ឧ・ត・្・ត・រ・ិ
ឧត្តរិគមនាគម	ឧត្តរិគមនាគម	ឧ・ត・្・ត・រ・ិ・គ・ម・ន・ា・គ・ម
ឧត្តរិត្រីមាស	ឧត្តរិត្រី|មាស	ឧ・ត・្・ត・រ・ិ・ត・្・រ・ី・ម・ា・ស
ឧត្តរិទ្វិរត្ត	ឧត្តរិទ្វិរត្ត	ឧ・ត・្・ត・រ・ិ・ទ・្・វ・ិ・រ・ត・្・ត
ឧត្តរិទ្វិរត្ត	ឧត្តរិទ្វិរត្ត	ឧ・ត・្・ត・រ・ិ・ទ・្・វ・ិ・រ・ត・្・ត
ឧត្តរិភង្គ	ឧត្តរិភង្គ	ឧ・ត・្・ត・រ・ិ・ភ・ង・្・គ
ឧត្តរិមគ្គ	ឧត្តរិមគ្គ	ឧ・ត・្・ត・រ・ិ・ម・គ・្・គ
ឧត្តរិមនុស្ស	ឧត្តរិមនុស្ស	ឧ・ត・្・ត・រ・ិ・ម・ន・ុ・ស・្・ស
ឧត្តរិមនុស្សធម្ម	ឧត្តរិមនុស្ស|ធម្ម	ឧ・ត・្・ត・រ・ិ・ម・ន・ុ・ស・្・ស・ធ・ម・្・ម
ឧត្តរិលាភ	ឧត្តរិលាភ	ឧ・ត・្・ត・រ・ិ・ល・ា・ភ
ឧត្តរិ—	ឧត្តរិ—	ឧ・ត・្・ត・រ・ិ・—
ឧត្តរោ	ឧត្តរោ	ឧ・ត・្・ត・រ・ោ
ឧត្តរំ	ឧត្តរំ	ឧ・ត・្・ត・រ・ំ
ឧត្តរៈ	ឧត្តរៈ	ឧ・ត・្・ត・រ・ៈ
ឧត្តរ—	ឧត្តរ—	ឧ・ត・្・ត・រ・—
ឧត្តល	ឧត្តល	ឧ・ត・្・ត・ល
ឧត្តលា	ឧត្តលា	ឧ・ត・្・ត・ល・ា
ឧត្តលោ	ឧត្តលោ	ឧ・ត・្・ត・ល・ោ
ឧត្តាន	ឧត្តាន	ឧ・ត・្・ត・ា・ន
ឧត្តានកថា	ឧត្តានក|ថា	ឧ・ត・្・ត・ា・ន・ក・ថ・ា
ឧត្តានការណ៍	ឧត្តានការណ៍	ឧ・ត・្・ត・ា・ន・ក・ា・រ・ណ・៍
ឧត្តានចិន្តា	ឧត្តាន|ចិន្តា	ឧ・ត・្・ត・ា・ន・ច・ិ・ន・្・ត・ា
ឧត្តានភាព	ឧត្តាន|ភាព	ឧ・ត・្・ត・ា・ន・ភ・ា・ព
ឧត្តានមតិ	ឧត្តាន|មតិ	ឧ・ត・្・ត・ា・ន・ម・ត・ិ
ឧត្តានសេយ្យា	ឧត្តាន|សេយ្យា	ឧ・ត・្・ត・ា・ន・ស・េ・យ・្・យ・ា
ឧត្តាន—	ឧត្តាន—	ឧ・ត・្・ត・ា・ន・—
ឧត្តាស	ឧត្តាស	ឧ・ត・្・ត・ា・ស
ឧត្តាសការណ៍	ឧត្តា|សការណ៍	ឧ・ត・្・ត・ា・ស・ក・ា・រ・ណ・៍
ឧត្តាសចិត្ត	ឧត្តាស|ចិត្ត	ឧ・ត・្・ត・ា・ស・ច・ិ・ត・្・ត
ឧត្តាសចិត្ត	ឧត្តាស|ចិត្ត	ឧ・ត・្・ត・ា・ស・ច・ិ・ត・្・ត
ឧត្តាសដ្ឋាន	ឧត្តា|សដ្ឋាន	ឧ・ត・្・ត・ា・ស・ដ・្・ឋ・ា・ន
ឧត្តាសនីយដ្ឋាន	ឧត្តាសនីយ|ដ្ឋាន	ឧ・ត・្・ត・ា・ស・ន・ី・យ・ដ・្・ឋ・ា・ន
ឧត្តាសភាព	ឧត្តា|សភាព	ឧ・ត・្・ត・ា・ស・ភ・ា・ព
ឧត្តាសៈ	ឧត្តាសៈ	ឧ・ត・្・ត・ា・ស・ៈ
ឧត្តាស—	ឧត្តា|ស—	ឧ・ត・្・ត・ា・ស・—
ឧត្តុង្គ	ឧត្តុង្គ	ឧ・ត・្・ត・ុ・ង・្・គ
ឧត្តុង្គឧត្តម	ឧត្តុង្គឧត្តម	ឧ・ត・្・ត・ុ・ង・្・គ・ឧ・ត・្・ត・ម
ឧត្តុង្គឧត្តម	ឧត្តុង្គឧត្តម	ឧ・ត・្・ត・ុ・ង・្・គ・ឧ・ត・្・ត・ម
ឧត្រាសចិត្ត	ឧត្រាស|ចិត្ត	ឧ・ត・្・រ・ា・ស・ច・ិ・ត・្・ត
ឧទ្ទេសភត្ត	ឧទ្ទេស|ភត្ត	ឧ・ទ・្・ទ・េ・ស・ភ・ត・្・ត
ឧទ្ធច្ចចិត្ត	ឧទ្ធ|ច្ច|ចិត្ត	ឧ・ទ・្・ធ・ច・្・ច・ច・ិ・ត・្・ត
ឧទ្ធច្ចសម្បយុត្ត	ឧទ្ធ|ច្ច|សម្បយុត្ត	ឧ・ទ・្・ធ・ច・្・ច・ស・ម・្・ប・យ・ុ・ត・្・ត
ឧបចារវត្ត	ឧបចារ|វត្ត	ឧ・ប・ច・ា・រ・វ・ត・្・ត
ឧបជ្ឈាយវត្ត	ឧបជ្ឈាយ|វត្ត	ឧ・ប・ជ・្・ឈ・ា・យ・វ・ត・្・ត
ឧបនិស្សយសម្បត្តិ	ឧប|និស្សយ|សម្បត្តិ	ឧ・ប・ន・ិ・ស・្・ស・យ・ស・ម・្・ប・ត・្・ត・ិ
ឧបបាតិកសត្ត	ឧបបាតិក|សត្ត	ឧ・ប・ប・ា・ត・ិ・ក・ស・ត・្・ត
ឧបាសកប្បដិបត្តិ	ឧបាសក|ប្បដិបត្តិ	ឧ・ប・ា・ស・ក・ប・្・ប・ដ・ិ・ប・ត・្・ត・ិ
ឧបាសកប្រតិបត្តិ	ឧបាសក|ប្រតិបត្តិ	ឧ・ប・ា・ស・ក・ប・្・រ・ត・ិ・ប・ត・្・ត・ិ
ឧបាសកសម្បត្តិ	ឧបាសក|សម្បត្តិ	ឧ・ប・ា・ស・ក・ស・ម・្・ប・ត・្・ត・ិ
ឧបេក្ខាសម្បយុត្ត	ឧបេក្ខា|សម្បយុត្ត	ឧ・ប・េ・ក・្・ខ・ា・ស・ម・្・ប・យ・ុ・ត・្・ត
ឧបោសថាគារវត្ត	ឧបោស|ថា|គារ|វត្ត	ឧ・ប・ោ・ស・ថ・ា・គ・ា・រ・វ・ត・្・ត
ឧបោសថិកភត្ត	ឧបោស|ថិក|ភត្ត	ឧ・ប・ោ・ស・ថ・ិ・ក・ភ・ត・្・ត
ឧប្បត្តិ	ឧប្បត្តិ	ឧ・ប・្・ប・ត・្・ត・ិ
ឧប្បត្តិក	ឧប្បត្តិក	ឧ・ប・្・ប・ត・្・ត・ិ・ក
ឧប្បត្តិកថា	ឧប្បត្តិក|ថា	ឧ・ប・្・ប・ត・្・ត・ិ・ក・ថ・ា
ឧប្បត្តិកអាចារ្យ	ឧប្បត្តិក|អាចារ្យ	ឧ・ប・្・ប・ត・្・ត・ិ・ក・អ・ា・ច・ា・រ・្・យ
ឧប្បត្តិការណ៍	ឧប្បត្តិការណ៍	ឧ・ប・្・ប・ត・្・ត・ិ・ក・ា・រ・ណ・៍
ឧប្បត្តិកេតនៈ	ឧប្បត្តិ|កេតនៈ	ឧ・ប・្・ប・ត・្・ត・ិ・ក・េ・ត・ន・ៈ
ឧប្បត្តិកេតន៍	ឧប្បត្តិ|កេតន៍	ឧ・ប・្・ប・ត・្・ត・ិ・ក・េ・ត・ន・៍
ឧប្បត្តិភាព	ឧប្បត្តិ|ភាព	ឧ・ប・្・ប・ត・្・ត・ិ・ភ・ា・ព
ឧប្បត្តិហេតុ	ឧប្បត្តិ|ហេតុ	ឧ・ប・្・ប・ត・្・ត・ិ・ហ・េ・ត・ុ
ឧប្បត្តិ—	ឧប្បត្តិ|—	ឧ・ប・្・ប・ត・្・ត・ិ・—
ឧប្បលបត្ត	ឧប្បល|បត្ត	ឧ・ប・្・ប・ល・ប・ត・្・ត
ឧភយពាក្យបរិវត្តន៍	ឧភយ|ពាក្យ|បរិវត្តន៍	ឧ・ភ・យ・ព・ា・ក・្・យ・ប・រ・ិ・វ・ត・្・ត・ន・៍
ឧភយវាក្យបរិវត្តន៍	ឧភយ|វា|ក្យ|បរិវត្តន៍	ឧ・ភ・យ・វ・ា・ក・្・យ・ប・រ・ិ・វ・ត・្・ត・ន・៍
ឧមានិមិត្ត	ឧមានិមិត្ត	ឧ・ម・ា・ន・ិ・ម・ិ・ត・្・ត
ឧម្មត្តក	ឧម្មត្តក	ឧ・ម・្・ម・ត・្・ត・ក
ឧម្មត្តកភាព	ឧម្មត្តក|ភាព	ឧ・ម・្・ម・ត・្・ត・ក・ភ・ា・ព
ឧម្មត្តកោ	ឧម្មត្ត|កោ	ឧ・ម・្・ម・ត・្・ត・ក・ោ
ឧម្មត្តកៈ	ឧម្មត្តកៈ	ឧ・ម・្・ម・ត・្・ត・ក・ៈ
ឧម្មត្តក–	ឧម្មត្តក|–	ឧ・ម・្・ម・ត・្・ត・ក・–
ឧម្មត្តិកា	ឧម្មត្តិកា	ឧ・ម・្・ម・ត・្・ត・ិ・ក・ា
ឧរគសត្ត	ឧរគសត្ត	ឧ・រ・គ・ស・ត・្・ត
ឧឡារសត្ត	ឧឡារ|សត្ត	ឧ・ឡ・ា・រ・ស・ត・្・ត
ឯកចិត្ត	ឯក|ចិត្ត	ឯ・ក・ច・ិ・ត・្・ត
ឯកត្តជន	ឯកត្ត|ជន	ឯ・ក・ត・្・ត・ជ・ន
ឯកត្តភាព	ឯកត្ត|ភាព	ឯ・ក・ត・្・ត・ភ・ា・ព
ឯកត្តរដ្ឋ	ឯកត្ត|រដ្ឋ	ឯ・ក・ត・្・ត・រ・ដ・្・ឋ
ឯកទត្ត	ឯក|ទត្ត	ឯ・ក・ទ・ត・្・ត
ឯកនេត្ត	ឯក|នេត្ត	ឯ・ក・ន・េ・ត・្・ត
ឯកបុត្ត	ឯក|បុត្ត	ឯ・ក・ប・ុ・ត・្・ត
ឯកពីជបត្តជាតិ	ឯក|ពី|ជបត្ត|ជាតិ	ឯ・ក・ព・ី・ជ・ប・ត・្・ត・ជ・ា・ត・ិ
ឯកភត្តិក	ឯក|ភត្តិក	ឯ・ក・ភ・ត・្・ត・ិ・ក
ឯកភត្តិកា	ឯក|ភត្តិកា	ឯ・ក・ភ・ត・្・ត・ិ・ក・ា
ឯកភត្តិកៈ	ឯក|ភត្តិកៈ	ឯ・ក・ភ・ត・្・ត・ិ・ក・ៈ
ឯករត្តិ	ឯក|រត្តិ	ឯ・ក・រ・ត・្・ត・ិ
ឯកឧត្តម	ឯក|ឧត្តម	ឯ・ក・ឧ・ត・្・ត・ម
ឯកុម្មត្ត	ឯកុម្មត្ត	ឯ・ក・ុ・ម・្・ម・ត・្・ត
ឱត្តប្ប	ឱត្ត|ប្ប	ឱ・ត・្・ត・ប・្・ប
ឱត្តប្បៈ	ឱត្ត|ប្បៈ	ឱ・ត・្・ត・ប・្・ប・ៈ
ឱទកសត្ត	ឱទក|សត្ត	ឱ・ទ・ក・ស・ត・្・ត
ឱបបាតិកសត្ត	ឱប|បាតិក|សត្ត	ឱ・ប・ប・ា・ត・ិ・ក・ស・ត・្・ត
ឱភាសនិមិត្ត	ឱភាស|និមិត្ត	ឱ・ភ・ា・ស・ន・ិ・ម・ិ・ត・្・ត
ឱមកសត្ត	ឱមក|សត្ត	ឱ・ម・ក・ស・ត・្・ត
ឱមសត្ត	ឱម|សត្ត	ឱ・ម・ស・ត・្・ត
