ព្រះកិត្តិនាម	ព・្・រ・ះ・ក・ិ・ត・្・ត・ិ・ន・ា・ម
ប្រាសាទអង្គរវត្ត	ប・្・រ・ា・ស・ា・ទ・អ・ង・្・គ・រ・វ・ត・្・ត
និរុត្តិ	ន・ិ・រ・ុ・ត・្・ត・ិ
ព្រួយចិត្ត	ព・្・រ・ួ・យ・ច・ិ・ត・្・ត
រាជប្រវត្តិ	រ・ា・ជ・ប・្・រ・វ・ត・្・ត・ិ
ក្តុកចិត្ត	ក・្・ត・ុ・ក・ច・ិ・ត・្・ត
សម្បត្តិគុណ	ស・ម・្・ប・ត・្・ត・ិ・គ・ុ・ណ
ស្រងាកចិត្ត	ស・្・រ・ង・ា・ក・ច・ិ・ត・្・ត
អត្តនោម័តិ	អ・ត・្・ត・ន・ោ・ម・័・ត・ិ
អាណិតមេត្តា	អ・ា・ណ・ិ・ត・ម・េ・ត・្・ត・ា
មិត្តរួមជំនាន់	ម・ិ・ត・្・ត・រ・ួ・ម・ជ・ំ・ន・ា・ន・់
ប្រតិបត្តិ	ប・្・រ・ត・ិ・ប・ត・្・ត・ិ
ក្បាលចិត្ត	ក・្・ប・ា・ល・ច・ិ・ត・្・ត
យាងឧត្តម	យ・ា・ង・ឧ・ត・្・ត・ម
បើកចិត្ត	ប・ើ・ក・ច・ិ・ត・្・ត
ឧត្តមសេនីយ៍	ឧ・ត・្・ត・ម・ស・េ・ន・ី・យ・៍
អត្តទត្ថបុគ្គល	អ・ត・្・ត・ទ・ត・្・ថ・ប・ុ・គ・្・គ・ល
ប្រព្រឹត្តិការណ៍	ប・្・រ・ព・្・រ・ឹ・ត・្・ត・ិ・ក・ា・រ・ណ・៍
នក្ខត្ត	ន・ក・្・ខ・ត・្・ត
កត្តា	ក・ត・្・ត・ា
គ្រាកចិត្ត	គ・្・រ・ា・ក・ច・ិ・ត・្・ត
និវត្ត	ន・ិ・វ・ត・្・ត
យកចិត្តគេ	យ・ក・ច・ិ・ត・្・ត・គ・េ
វត្តដំណាក់	វ・ត・្・ត・ដ・ំ・ណ・ា・ក・់
សម្បត្តិធម្មជាតិ	ស・ម・្・ប・ត・្・ត・ិ・ធ・ម・្・ម・ជ・ា・ត・ិ
ជំងឺចិត្ត	ជ・ំ・ង・ឺ・ច・ិ・ត・្・ត
ទីរួមខេត្ត	ទ・ី・រ・ួ・ម・ខ・េ・ត・្・ត
អត្តទត្ថ	អ・ត・្・ត・ទ・ត・្・ថ
បែកចិត្ត	ប・ែ・ក・ច・ិ・ត・្・ត
ទាញចិត្ត	ទ・ា・ញ・ច・ិ・ត・្・ត
ចិត្ត	ច・ិ・ត・្・ត
ខ្លាចចិត្ត	ខ・្・ល・ា・ច・ច・ិ・ត・្・ត
ឧដុង្គឧត្តម	ឧ・ដ・ុ・ង・្・គ・ឧ・ត・្・ត・ម
មហាសម្បត្តិ	ម・ហ・ា・ស・ម・្・ប・ត・្・ត・ិ
និវត្តន៍	ន・ិ・វ・ត・្・ត・ន・៍
សុចិត្តា	ស・ុ・ច・ិ・ត・្・ត・ា
ទេវទត្ត	ទ・េ・វ・ទ・ត・្・ត
អត្តពលិក	អ・ត・្・ត・ព・ល・ិ・ក
ចិត្តស៊ូ	ច・ិ・ត・្・ត・ស・៊・ូ
ឧត្តរ	ឧ・ត・្・ត・រ
បញ្ញត្ត	ប・ញ・្・ញ・ត・្・ត
ក្រែងចិត្ត	ក・្・រ・ែ・ង・ច・ិ・ត・្・ត
ចិត្តតូច	ច・ិ・ត・្・ត・ត・ូ・ច
យកចិត្ត	យ・ក・ច・ិ・ត・្・ត
ឱត្តប្បៈ	ឱ・ត・្・ត・ប・្・ប・ៈ
យុត្តិ	យ・ុ・ត・្・ត・ិ
សត្តម	ស・ត・្・ត・ម
ចិត្តសាស្ត្រ	ច・ិ・ត・្・ត・ស・ា・ស・្・ត・្・រ
អត្តៈ	អ・ត・្・ត・ៈ
មិត្តរួមជាតិ	ម・ិ・ត・្・ត・រ・ួ・ម・ជ・ា・ត・ិ
ចិត្តសឿង	ច・ិ・ត・្・ត・ស・ឿ・ង
ឯកទត្ត	ឯ・ក・ទ・ត・្・ត
អន់ចិត្ត	អ・ន・់・ច・ិ・ត・្・ត
ឧត្តមសេនីយ	ឧ・ត・្・ត・ម・ស・េ・ន・ី・យ
ឆ័ត្ត	ឆ・័・ត・្・ត
ការអនុវត្ត	ក・ា・រ・អ・ន・ុ・វ・ត・្・ត
ចិត្តត្រេកអរ	ច・ិ・ត・្・ត・ត・្・រ・េ・ក・អ・រ
វត្តបូព៌	វ・ត・្・ត・ប・ូ・ព・៌
ចិត្តថ្លើម	ច・ិ・ត・្・ត・ថ・្・ល・ើ・ម
លិចវត្ត	ល・ិ・ច・វ・ត・្・ត
មិត្តសម្លាញ់	ម・ិ・ត・្・ត・ស・ម・្・ល・ា・ញ・់
អរហត្ត	អ・រ・ហ・ត・្・ត
និរុត្តិសាស្ត្រ	ន・ិ・រ・ុ・ត・្・ត・ិ・ស・ា・ស・្・ត・្・រ
ត្បូងវត្ត	ត・្・ប・ូ・ង・វ・ត・្・ត
បាយបត្តបូរ	ប・ា・យ・ប・ត・្・ត・ប・ូ・រ
មិត្តភ្ងា	ម・ិ・ត・្・ត・ភ・្・ង・ា
មានចិត្ត	ម・ា・ន・ច・ិ・ត・្・ត
អនុវត្ត	អ・ន・ុ・វ・ត・្・ត
កិត្តិគុណ	ក・ិ・ត・្・ត・ិ・គ・ុ・ណ
អនត្តសញ្ញា	អ・ន・ត・្・ត・ស・ញ・្・ញ・ា
ទាស់ចិត្ត	ទ・ា・ស・់・ច・ិ・ត・្・ត
ដួងចិត្ត	ដ・ួ・ង・ច・ិ・ត・្・ត
គតិយុត្ត	គ・ត・ិ・យ・ុ・ត・្・ត
ទីវត្ត	ទ・ី・វ・ត・្・ត
អន្ទងចិត្ត	អ・ន・្・ទ・ង・ច・ិ・ត・្・ត
ចិត្តស្រឡាញ់	ច・ិ・ត・្・ត・ស・្・រ・ឡ・ា・ញ・់
ព្រះវត្តមាន	ព・្・រ・ះ・វ・ត・្・ត・ម・ា・ន
ភត្តានុមោទនា	ភ・ត・្・ត・ា・ន・ុ・ម・ោ・ទ・ន・ា
លើកទឹកចិត្ត	ល・ើ・ក・ទ・ឹ・ក・ច・ិ・ត・្・ត
វិបត្តិសេដ្ឋកិច្ច	វ・ិ・ប・ត・្・ត・ិ・ស・េ・ដ・្・ឋ・ក・ិ・ច・្・ច
សមមិត្ត	ស・ម・ម・ិ・ត・្・ត
ការប្រតិបត្តិ	ក・ា・រ・ប・្・រ・ត・ិ・ប・ត・្・ត・ិ
បំបាក់ទឹកចិត្ត	ប・ំ・ប・ា・ក・់・ទ・ឹ・ក・ច・ិ・ត・្・ត
កម្លាំងចិត្ត	ក・ម・្・ល・ា・ំ・ង・ច・ិ・ត・្・ត
ជក់ចិត្ត	ជ・ក・់・ច・ិ・ត・្・ត
កត្តិក	ក・ត・្・ត・ិ・ក
អស់ពីដួងចិត្ត	អ・ស・់・ព・ី・ដ・ួ・ង・ច・ិ・ត・្・ត
បញ្ញត្តិ	ប・ញ・្・ញ・ត・្・ត・ិ
អាក់អន់ចិត្ត	អ・ា・ក・់・អ・ន・់・ច・ិ・ត・្・ត
ក្តីមេត្តា	ក・្・ត・ី・ម・េ・ត・្・ត・ា
វត្តថ្មី	វ・ត・្・ត・ថ・្・ម・ី
ទំនុកចិត្ត	ទ・ំ・ន・ុ・ក・ច・ិ・ត・្・ត
ចិត្តអន្យតិរ្ថិយ	ច・ិ・ត・្・ត・អ・ន・្・យ・ត・ិ・រ・្・ថ・ិ・យ
ចិត្តទូលាយ	ច・ិ・ត・្・ត・ទ・ូ・ល・ា・យ
ការសំរេចចិត្ត	ក・ា・រ・ស・ំ・រ・េ・ច・ច・ិ・ត・្・ត
ជំរុញចិត្ត	ជ・ំ・រ・ុ・ញ・ច・ិ・ត・្・ត
អនុវត្តិ	អ・ន・ុ・វ・ត・្・ត・ិ
លោកប្រវត្តិ	ល・ោ・ក・ប・្・រ・វ・ត・្・ត・ិ
ពាន់វត្ត	ព・ា・ន・់・វ・ត・្・ត
សេចក្តីទុកចិត្ត	ស・េ・ច・ក・្・ត・ី・ទ・ុ・ក・ច・ិ・ត・្・ត
ចិត្តលុះ	ច・ិ・ត・្・ត・ល・ុ・ះ
ខត្ត	ខ・ត・្・ត
សហប្រតិបត្តិ	ស・ហ・ប・្・រ・ត・ិ・ប・ត・្・ត・ិ
លោកុប្បត្តិ	ល・ោ・ក・ុ・ប・្・ប・ត・្・ត・ិ
សោតាបត្តិផល	ស・ោ・ត・ា・ប・ត・្・ត・ិ・ផ・ល
ដាក់ចិត្ត	ដ・ា・ក・់・ច・ិ・ត・្・ត
អស់ចិត្ត	អ・ស・់・ច・ិ・ត・្・ត
គតិយុត្តិធម៌	គ・ត・ិ・យ・ុ・ត・្・ត・ិ・ធ・ម・៌
ស្រេចតែចិត្ត	ស・្・រ・េ・ច・ត・ែ・ច・ិ・ត・្・ត
អាញត្តិ	អ・ា・ញ・ត・្・ត・ិ
ប្រណិបត្តិ	ប・្・រ・ណ・ិ・ប・ត・្・ត・ិ
នីតិបញ្ញត្តិ	ន・ី・ត・ិ・ប・ញ・្・ញ・ត・្・ត・ិ
វត្តស្វាយ	វ・ត・្・ត・ស・្・វ・ា・យ
ជ្រៃឧត្តម	ជ・្・រ・ៃ・ឧ・ត・្・ត・ម
មានចិត្តចង់	ម・ា・ន・ច・ិ・ត・្・ត・ច・ង・់
ទួលសម្បត្តិ	ទ・ួ・ល・ស・ម・្・ប・ត・្・ត・ិ
តាមចំណូលចិត្ត	ត・ា・ម・ច・ំ・ណ・ូ・ល・ច・ិ・ត・្・ត
សម្ពន្ធមិត្ត	ស・ម・្・ព・ន・្・ធ・ម・ិ・ត・្・ត
នីតិប្រតិបត្តិ	ន・ី・ត・ិ・ប・្・រ・ត・ិ・ប・ត・្・ត・ិ
មេត្តា	ម・េ・ត・្・ត・ា
អនុញ្ញាត្ត	អ・ន・ុ・ញ・្・ញ・ា・ត・្・ត
អាបត្តិ	អ・ា・ប・ត・្・ត・ិ
ពីចិត្ត	ព・ី・ច・ិ・ត・្・ត
កាលានុវត្តន៍	ក・ា・ល・ា・ន・ុ・វ・ត・្・ត・ន・៍
ផ្ចង់ចិត្ត	ផ・្・ច・ង・់・ច・ិ・ត・្・ត
យុត្តិធម៌	យ・ុ・ត・្・ត・ិ・ធ・ម・៌
នរោត្តម	ន・រ・ោ・ត・្・ត・ម
ឧត្តុង្គ	ឧ・ត・្・ត・ុ・ង・្・គ
រំភើបចិត្ត	រ・ំ・ភ・ើ・ប・ច・ិ・ត・្・ត
កោះវត្ត	ក・ោ・ះ・វ・ត・្・ត
បដិវត្តន៍	ប・ដ・ិ・វ・ត・្・ត・ន・៍
ចិត្តគំនិត	ច・ិ・ត・្・ត・គ・ំ・ន・ិ・ត
ចិត្តជា	ច・ិ・ត・្・ត・ជ・ា
តាមទំនើងចិត្ត	ត・ា・ម・ទ・ំ・ន・ើ・ង・ច・ិ・ត・្・ត
ស្កប់ចិត្ត	ស・្・ក・ប・់・ច・ិ・ត・្・ត
ប្រវត្តិរូប	ប・្・រ・វ・ត・្・ត・ិ・រ・ូ・ប
ទប់ចិត្ត	ទ・ប・់・ច・ិ・ត・្・ត
រូបសម្បត្តិ	រ・ូ・ប・ស・ម・្・ប・ត・្・ត・ិ
មានចិត្តលើ	ម・ា・ន・ច・ិ・ត・្・ត・ល・ើ
ចក្រពត្តិ	ច・ក・្・រ・ព・ត・្・ត・ិ
ការវិវត្តន៍	ក・ា・រ・វ・ិ・វ・ត・្・ត・ន・៍
ញាតិមិត្ត	ញ・ា・ត・ិ・ម・ិ・ត・្・ត
កិត្តិនាម	ក・ិ・ត・្・ត・ិ・ន・ា・ម
ប្រវត្តិវិទូ	ប・្・រ・វ・ត・្・ត・ិ・វ・ិ・ទ・ូ
សេចក្តីពេញចិត្ត	ស・េ・ច・ក・្・ត・ី・ព・េ・ញ・ច・ិ・ត・្・ត
តាំងចិត្ត	ត・ា・ំ・ង・ច・ិ・ត・្・ត
ទេវបុត្ត	ទ・េ・វ・ប・ុ・ត・្・ត
សម្បត្តិមនុស្ស	ស・ម・្・ប・ត・្・ត・ិ・ម・ន・ុ・ស・្・ស
បច្ចាមិត្ត	ប・ច・្・ច・ា・ម・ិ・ត・្・ត
វត្តលួង	វ・ត・្・ត・ល・ួ・ង
ចិត្តរឹង	ច・ិ・ត・្・ត・រ・ឹ・ង
ឧត្តមសេនីយ៍ទោ	ឧ・ត・្・ត・ម・ស・េ・ន・ី・យ・៍・ទ・ោ
ប្រែចិត្ត	ប・្・រ・ែ・ច・ិ・ត・្・ត
រន្ធត់ចិត្ត	រ・ន・្・ធ・ត・់・ច・ិ・ត・្・ត
សម្បត្តិមានជ័យ	ស・ម・្・ប・ត・្・ត・ិ・ម・ា・ន・ជ・័・យ
ចិត្តលោភ	ច・ិ・ត・្・ត・ល・ោ・ភ
ស្វ័យប្រវត្តិកម្ម	ស・្・វ・័・យ・ប・្・រ・វ・ត・្・ត・ិ・ក・ម・្・ម
ខេត្តមណ្ឌលគីរី	ខ・េ・ត・្・ត・ម・ណ・្・ឌ・ល・គ・ី・រ・ី
អង្គរវត្ត	អ・ង・្・គ・រ・វ・ត・្・ត
វិភត្តិ	វ・ិ・ភ・ត・្・ត・ិ
វត្តអង្គ	វ・ត・្・ត・អ・ង・្・គ
ចៅអធិការវត្ត	ច・ៅ・អ・ធ・ិ・ក・ា・រ・វ・ត・្・ត
មិត្តភក្តិ	ម・ិ・ត・្・ត・ភ・ក・្・ត・ិ
វត្តពោធិ៍ទី	វ・ត・្・ត・ព・ោ・ធ・ិ・៍・ទ・ី
ចិត្តសប្បុរស	ច・ិ・ត・្・ត・ស・ប・្・ប・ុ・រ・ស
វត្តជ្រែ	វ・ត・្・ត・ជ・្・រ・ែ
វត្តសេដ្ឋី	វ・ត・្・ត・ស・េ・ដ・្・ឋ・ី
ប្រវត្តិវិទ្យា	ប・្・រ・វ・ត・្・ត・ិ・វ・ិ・ទ・្・យ・ា
គោកវត្ត	គ・ោ・ក・វ・ត・្・ត
មិត្ត	ម・ិ・ត・្・ត
វត្តលៀប	វ・ត・្・ត・ល・ៀ・ប
អ្នកប្រវត្តិសាស្ត្រ	អ・្・ន・ក・ប・្・រ・វ・ត・្・ត・ិ・ស・ា・ស・្・ត・្・រ
ធម្មយុត្តិកនិកាយ	ធ・ម・្・ម・យ・ុ・ត・្・ត・ិ・ក・ន・ិ・ក・ា・យ
ឧប្បត្តិ	ឧ・ប・្・ប・ត・្・ត・ិ
វត្តកណ្តាល	វ・ត・្・ត・ក・ណ・្・ត・ា・ល
ឧត្តមភាព	ឧ・ត・្・ត・ម・ភ・ា・ព
បង្អាក់ទឹកចិត្ត	ប・ង・្・អ・ា・ក・់・ទ・ឹ・ក・ច・ិ・ត・្・ត
ជាប់ចិត្ត	ជ・ា・ប・់・ច・ិ・ត・្・ត
កិត្តិ	ក・ិ・ត・្・ត・ិ
ស្នួលវត្ត	ស・្・ន・ួ・ល・វ・ត・្・ត
សមត្ត	ស・ម・ត・្・ត
កោះមិត្ត	ក・ោ・ះ・ម・ិ・ត・្・ត
អនត្តា	អ・ន・ត・្・ត・ា
វត្តនី	វ・ត・្・ត・ន・ី
ឧត្តមស្នងការ	ឧ・ត・្・ត・ម・ស・្・ន・ង・ក・ា・រ
វិវិត្ត	វ・ិ・វ・ិ・ត・្・ត
ស្គាល់ចិត្ត	ស・្・គ・ា・ល・់・ច・ិ・ត・្・ត
អាចារ្យវត្ត	អ・ា・ច・ា・រ・្・យ・វ・ត・្・ត
ចិត្តខ្មៅ	ច・ិ・ត・្・ត・ខ・្・ម・ៅ
និមិត្តសញ្ញា	ន・ិ・ម・ិ・ត・្・ត・ស・ញ・្・ញ・ា
ឯកឧត្តម	ឯ・ក・ឧ・ត・្・ត・ម
មានវិបត្តិ	ម・ា・ន・វ・ិ・ប・ត・្・ត・ិ
វិមុត្ត	វ・ិ・ម・ុ・ត・្・ត
អនុវត្តន៍	អ・ន・ុ・វ・ត・្・ត・ន・៍
រង្វាន់លួងចិត្ត	រ・ង・្・វ・ា・ន・់・ល・ួ・ង・ច・ិ・ត・្・ត
និមិត្ត	ន・ិ・ម・ិ・ត・្・ត
សំរោងវត្ត	ស・ំ・រ・ោ・ង・វ・ត・្・ត
វត្តិ	វ・ត・្・ត・ិ
បំណងចិត្ត	ប・ំ・ណ・ង・ច・ិ・ត・្・ត
ភាពស្កប់ចិត្ត	ភ・ា・ព・ស・្・ក・ប・់・ច・ិ・ត・្・ត
អត់ចិត្ត	អ・ត・់・ច・ិ・ត・្・ត
បដិវត្ត	ប・ដ・ិ・វ・ត・្・ត
វត្តអារាម	វ・ត・្・ត・អ・ា・រ・ា・ម
គុត្តសត	គ・ុ・ត・្・ត・ស・ត
ឱត្តប្ប	ឱ・ត・្・ត・ប・្・ប
ចិត្តរីករាយ	ច・ិ・ត・្・ត・រ・ី・ក・រ・ា・យ
សុខចិត្ត	ស・ុ・ខ・ច・ិ・ត・្・ត
មេត្តាករុណា	ម・េ・ត・្・ត・ា・ក・រ・ុ・ណ・ា
ខាងលិចវត្ត	ខ・ា・ង・ល・ិ・ច・វ・ត・្・ត
ការប្ដេជ្ញាចិត្ត	ក・ា・រ・ប・្・ដ・េ・ជ・្・ញ・ា・ច・ិ・ត・្・ត
ខាំមាត់សង្កត់ចិត្ត	ខ・ា・ំ・ម・ា・ត・់・ស・ង・្・ក・ត・់・ច・ិ・ត・្・ត
បាក់ទឹកចិត្ត	ប・ា・ក・់・ទ・ឹ・ក・ច・ិ・ត・្・ត
តាមអំពើចិត្ត	ត・ា・ម・អ・ំ・ព・ើ・ច・ិ・ត・្・ត
ចំណងមិត្តភាព	ច・ំ・ណ・ង・ម・ិ・ត・្・ត・ភ・ា・ព
វេរភត្ត	វ・េ・រ・ភ・ត・្・ត
អត្តភាព	អ・ត・្・ត・ភ・ា・ព
ចិត្តមេត្តា	ច・ិ・ត・្・ត・ម・េ・ត・្・ត・ា
ចិត្តមេត្តា	ច・ិ・ត・្・ត・ម・េ・ត・្・ត・ា
បង្ខំចិត្ត	ប・ង・្・ខ・ំ・ច・ិ・ត・្・ត
អយុត្តិធម៌	អ・យ・ុ・ត・្・ត・ិ・ធ・ម・៌
សំរេចចិត្ត	ស・ំ・រ・េ・ច・ច・ិ・ត・្・ត
ខែកត្តិក	ខ・ែ・ក・ត・្・ត・ិ・ក
សុទ្ធចិត្ត	ស・ុ・ទ・្・ធ・ច・ិ・ត・្・ត
ប្រតិបត្តិការ	ប・្・រ・ត・ិ・ប・ត・្・ត・ិ・ក・ា・រ
សម្បិត្តិ	ស・ម・្・ប・ិ・ត・្・ត・ិ
ឯកត្តភាព	ឯ・ក・ត・្・ត・ភ・ា・ព
អង្គបញ្ញត្តិ	អ・ង・្・គ・ប・ញ・្・ញ・ត・្・ត・ិ
ការប្រព្រឹត្ត	ក・ា・រ・ប・្・រ・ព・្・រ・ឹ・ត・្・ត
ខូចចិត្ត	ខ・ូ・ច・ច・ិ・ត・្・ត
ទ្រព្យសម្បត្តិ	ទ・្・រ・ព・្・យ・ស・ម・្・ប・ត・្・ត・ិ
ប្រព្រឹត្តទៅ	ប・្・រ・ព・្・រ・ឹ・ត・្・ត・ទ・ៅ
វត្តមាន	វ・ត・្・ត・ម・ា・ន
អត្តសញ្ញាណ	អ・ត・្・ត・ស・ញ・្・ញ・ា・ណ
ឧត្តរា	ឧ・ត・្・ត・រ・ា
ត្រូវចិត្ត	ត・្・រ・ូ・វ・ច・ិ・ត・្・ត
អវត្តមាន	អ・វ・ត・្・ត・ម・ា・ន
ញត្តិ	ញ・ត・្・ត・ិ
កិត្តិយស	ក・ិ・ត・្・ត・ិ・យ・ស
សមចិត្ត	ស・ម・ច・ិ・ត・្・ត
ចិត្តរន្ធត់	ច・ិ・ត・្・ត・រ・ន・្・ធ・ត・់
ចិត្តស្រាល	ច・ិ・ត・្・ត・ស・្・រ・ា・ល
រំជួលចិត្ត	រ・ំ・ជ・ួ・ល・ច・ិ・ត・្・ត
អ្នកបដិវត្ត	អ・្・ន・ក・ប・ដ・ិ・វ・ត・្・ត
មជ្ឈត្តកម្ម	ម・ជ・្・ឈ・ត・្・ត・ក・ម・្・ម
ហួសចិត្ត	ហ・ួ・ស・ច・ិ・ត・្・ត
អត្តឃាត	អ・ត・្・ត・ឃ・ា・ត
វិវត្ត	វ・ិ・វ・ត・្・ត
យល់ចិត្ត	យ・ល・់・ច・ិ・ត・្・ត
ស្មោះអស់ពីចិត្ត	ស・្・ម・ោ・ះ・អ・ស・់・ព・ី・ច・ិ・ត・្・ត
ចំណូលចិត្ត	ច・ំ・ណ・ូ・ល・ច・ិ・ត・្・ត
វណ្ណយុត្តិ	វ・ណ・្・ណ・យ・ុ・ត・្・ត・ិ
ឧត្តមគតិ	ឧ・ត・្・ត・ម・គ・ត・ិ
វត្តឧណ្ណាលោម	វ・ត・្・ត・ឧ・ណ・្・ណ・ា・ល・ោ・ម
ការសម្រេចចិត្ត	ក・ា・រ・ស・ម・្・រ・េ・ច・ច・ិ・ត・្・ត
មានបំណងចិត្ត	ម・ា・ន・ប・ំ・ណ・ង・ច・ិ・ត・្・ត
ចូលចិត្តជាង	ច・ូ・ល・ច・ិ・ត・្・ត・ជ・ា・ង
មុខខេត្ត	ម・ុ・ខ・ខ・េ・ត・្・ត
វត្តចាស់	វ・ត・្・ត・ច・ា・ស・់
ឧប្បត្តិហេតុ	ឧ・ប・្・ប・ត・្・ត・ិ・ហ・េ・ត・ុ
យុត្ត	យ・ុ・ត・្・ត
ទាក់ចិត្ត	ទ・ា・ក・់・ច・ិ・ត・្・ត
តាមចិត្តចង់	ត・ា・ម・ច・ិ・ត・្・ត・ច・ង・់
អត្តខាត់	អ・ត・្・ត・ខ・ា・ត・់
កំឡាំងចិត្ត	ក・ំ・ឡ・ា・ំ・ង・ច・ិ・ត・្・ត
សត្ត	ស・ត・្・ត
ដោយចិត្ត	ដ・ោ・យ・ច・ិ・ត・្・ត
សមានចិត្ត	ស・ម・ា・ន・ច・ិ・ត・្・ត
បើកចំហចិត្ត	ប・ើ・ក・ច・ំ・ហ・ច・ិ・ត・្・ត
វណ្ណយុត្ត	វ・ណ・្・ណ・យ・ុ・ត・្・ត
មាតុភូមិនិវត្តន៍	ម・ា・ត・ុ・ភ・ូ・ម・ិ・ន・ិ・វ・ត・្・ត・ន・៍
មុខវត្ត	ម・ុ・ខ・វ・ត・្・ត
ពុទ្ធប្រវត្តិ	ព・ុ・ទ・្・ធ・ប・្・រ・វ・ត・្・ត・ិ
ស្ម័គ្រចិត្ត	ស・្・ម・័・គ・្・រ・ច・ិ・ត・្・ត
ព្រឹត្តិន័យ	ព・្・រ・ឹ・ត・្・ត・ិ・ន・័・យ
និមិត្តរូប	ន・ិ・ម・ិ・ត・្・ត・រ・ូ・ប
បញ្ញាចិត្ត	ប・ញ・្・ញ・ា・ច・ិ・ត・្・ត
អនុត្តរភាព	អ・ន・ុ・ត・្・ត・រ・ភ・ា・ព
បំពេញចិត្ត	ប・ំ・ព・េ・ញ・ច・ិ・ត・្・ត
ចរិយាសម្បត្តិ	ច・រ・ិ・យ・ា・ស・ម・្・ប・ត・្・ត・ិ
រួមចិត្ត	រ・ួ・ម・ច・ិ・ត・្・ត
គ្មានចិត្ត	គ・្・ម・ា・ន・ច・ិ・ត・្・ត
នឹកក្នុងចិត្ត	ន・ឹ・ក・ក・្・ន・ុ・ង・ច・ិ・ត・្・ត
ទេព្វនិមិត្ត	ទ・េ・ព・្・វ・ន・ិ・ម・ិ・ត・្・ត
ខ្លឹមចិត្ត	ខ・្・ល・ឹ・ម・ច・ិ・ត・្・ត
និមិត្តថ្មី	ន・ិ・ម・ិ・ត・្・ត・ថ・្・ម・ី
ឧត្តមសុរិយា	ឧ・ត・្・ត・ម・ស・ុ・រ・ិ・យ・ា
អត្ត	អ・ត・្・ត
អ្នកចូលចិត្ត	អ・្・ន・ក・ច・ូ・ល・ច・ិ・ត・្・ត
ភត្តាហារ	ភ・ត・្・ត・ា・ហ・ា・រ
បរិវត្តន៍	ប・រ・ិ・វ・ត・្・ត・ន・៍
មានសម្បត្តិ	ម・ា・ន・ស・ម・្・ប・ត・្・ត・ិ
មានចិត្តល្អ	ម・ា・ន・ច・ិ・ត・្・ត・ល・្・អ
ចាំចិត្ត	ច・ា・ំ・ច・ិ・ត・្・ត
បត្តាជី	ប・ត・្・ត・ា・ជ・ី
វត្តតាមឹម	វ・ត・្・ត・ត・ា・ម・ឹ・ម
លំបាកចិត្ត	ល・ំ・ប・ា・ក・ច・ិ・ត・្・ត
ធម្មយុត្តិ	ធ・ម・្・ម・យ・ុ・ត・្・ត・ិ
ស្លាប់ចិត្ត	ស・្・ល・ា・ប・់・ច・ិ・ត・្・ត
កិត្តិសព្ទ	ក・ិ・ត・្・ត・ិ・ស・ព・្・ទ
សត្តនិករ	ស・ត・្・ត・ន・ិ・ក・រ
សញ្ញាប័ត្រកិត្តិយស	ស・ញ・្・ញ・ា・ប・័・ត・្・រ・ក・ិ・ត・្・ត・ិ・យ・ស
ព្រំខេត្ត	ព・្・រ・ំ・ខ・េ・ត・្・ត
លោកុត្តរ	ល・ោ・ក・ុ・ត・្・ត・រ
ចៅហ្វាយខេត្ត	ច・ៅ・ហ・្・វ・ា・យ・ខ・េ・ត・្・ត
ព្រឹត្តិ	ព・្・រ・ឹ・ត・្・ត・ិ
សេរីសម្បត្តិ	ស・េ・រ・ី・ស・ម・្・ប・ត・្・ត・ិ
ចិត្តគិត	ច・ិ・ត・្・ត・គ・ិ・ត
វរមិត្ត	វ・រ・ម・ិ・ត・្・ត
បុរេប្រវត្តិ	ប・ុ・រ・េ・ប・្・រ・វ・ត・្・ត・ិ
ថាចិត្ត	ថ・ា・ច・ិ・ត・្・ត
គន់គូរនក្ខត្តឫក្ស	គ・ន・់・គ・ូ・រ・ន・ក・្・ខ・ត・្・ត・ឫ・ក・្・ស
រតនសម្បត្តិ	រ・ត・ន・ស・ម・្・ប・ត・្・ត・ិ
តាមចិត្ត	ត・ា・ម・ច・ិ・ត・្・ត
វិបត្តិ	វ・ិ・ប・ត・្・ត・ិ
ភត្ត	ភ・ត・្・ត
នក្ខត្តឫក្ស	ន・ក・្・ខ・ត・្・ត・ឫ・ក・្・ស
ខេត្ត	ខ・េ・ត・្・ត
រត្តិ	រ・ត・្・ត・ិ
ជួយលើកទឹកចិត្ត	ជ・ួ・យ・ល・ើ・ក・ទ・ឹ・ក・ច・ិ・ត・្・ត
ដោយស្វ័យប្រវត្តិ	ដ・ោ・យ・ស・្・វ・័・យ・ប・្・រ・វ・ត・្・ត・ិ
ខាងកើតវត្ត	ខ・ា・ង・ក・ើ・ត・វ・ត・្・ត
ស្ងប់ចិត្ត	ស・្・ង・ប・់・ច・ិ・ត・្・ត
ភោគសម្បត្តិ	ភ・ោ・គ・ស・ម・្・ប・ត・្・ត・ិ
ឧត្តរកុរុទ្វីប	ឧ・ត・្・ត・រ・ក・ុ・រ・ុ・ទ・្・វ・ី・ប
ព្រះកិត្តិយស	ព・្・រ・ះ・ក・ិ・ត・្・ត・ិ・យ・ស
ចាប់ចិត្ត	ច・ា・ប・់・ច・ិ・ត・្・ត
ពោធិមិត្ត	ព・ោ・ធ・ិ・ម・ិ・ត・្・ត
ចិត្តរំភើប	ច・ិ・ត・្・ត・រ・ំ・ភ・ើ・ប
មិត្តភ័ក្តិ	ម・ិ・ត・្・ត・ភ・័・ក・្・ត・ិ
ចូលនិវត្តន៍	ច・ូ・ល・ន・ិ・វ・ត・្・ត・ន・៍
វេទនាចិត្ត	វ・េ・ទ・ន・ា・ច・ិ・ត・្・ត
អូរត្រជាក់ចិត្ត	អ・ូ・រ・ត・្・រ・ជ・ា・ក・់・ច・ិ・ត・្・ត
ចិត្តស្នេហា	ច・ិ・ត・្・ត・ស・្・ន・េ・ហ・ា
ឧត្តរិភង្គ	ឧ・ត・្・ត・រ・ិ・ភ・ង・្・គ
ផ្លូវចិត្ត	ផ・្・ល・ូ・វ・ច・ិ・ត・្・ត
ឥត្ថីធុត្តៈ	ឥ・ត・្・ថ・ី・ធ・ុ・ត・្・ត・ៈ
និវត្តជន	ន・ិ・វ・ត・្・ត・ជ・ន
វត្តរកា	វ・ត・្・ត・រ・ក・ា
អស់ពីចិត្ត	អ・ស・់・ព・ី・ច・ិ・ត・្・ត
បាក់ចិត្ត	ប・ា・ក・់・ច・ិ・ត・្・ត
ស្តុកសម្បត្តិ	ស・្・ត・ុ・ក・ស・ម・្・ប・ត・្・ត・ិ
រាជ្យសម្បត្តិ	រ・ា・ជ・្・យ・ស・ម・្・ប・ត・្・ត・ិ
រត្តិចរ	រ・ត・្・ត・ិ・ច・រ
វត្តរំដួល	វ・ត・្・ត・រ・ំ・ដ・ួ・ល
កាលានុវត្ត	ក・ា・ល・ា・ន・ុ・វ・ត・្・ត
ជឿទុកចិត្ត	ជ・ឿ・ទ・ុ・ក・ច・ិ・ត・្・ត
ថ្នាក់ឧត្តម	ថ・្・ន・ា・ក・់・ឧ・ត・្・ត・ម
មិត្តភក្ដិ	ម・ិ・ត・្・ត・ភ・ក・្・ដ・ិ
សុត្ត	ស・ុ・ត・្・ត
ប្រវត្តិសាស្ត្រ	ប・្・រ・វ・ត・្・ត・ិ・ស・ា・ស・្・ត・្・រ
វត្តសំប៉ាន	វ・ត・្・ត・ស・ំ・ប・៉・ា・ន
វត្តគរ	វ・ត・្・ត・គ・រ
ឯអត្តចរិត	ឯ・អ・ត・្・ត・ច・រ・ិ・ត
ជឿចិត្ត	ជ・ឿ・ច・ិ・ត・្・ត
ចិត្តអំណត់	ច・ិ・ត・្・ត・អ・ំ・ណ・ត・់
ប្ដេជ្ញាចិត្ត	ប・្・ដ・េ・ជ・្・ញ・ា・ច・ិ・ត・្・ត
សាលាខេត្ត	ស・ា・ល・ា・ខ・េ・ត・្・ត
ទឹកចិត្ត	ទ・ឹ・ក・ច・ិ・ត・្・ត
មិនសុខចិត្ត	ម・ិ・ន・ស・ុ・ខ・ច・ិ・ត・្・ត
ព្រឹត្តិប័ត្រ	ព・្・រ・ឹ・ត・្・ត・ិ・ប・័・ត・្・រ
ទិនានុប្បវត្តិ	ទ・ិ・ន・ា・ន・ុ・ប・្・ប・វ・ត・្・ត・ិ
ចិត្តបាន	ច・ិ・ត・្・ត・ប・ា・ន
បង់ចិត្ត	ប・ង・់・ច・ិ・ត・្・ត
ខិត្តប័ណ្ណ	ខ・ិ・ត・្・ត・ប・័・ណ・្・ណ
បុត្ត	ប・ុ・ត・្・ត
វរោត្តម	វ・រ・ោ・ត・្・ត・ម
អត្តសញ្ញាណប័ណ្ណ	អ・ត・្・ត・ស・ញ・្・ញ・ា・ណ・ប・័・ណ・្・ណ
ចិត្តជ្រះថ្លា	ច・ិ・ត・្・ត・ជ・្・រ・ះ・ថ・្・ល・ា
សង្កត់ចិត្ត	ស・ង・្・ក・ត・់・ច・ិ・ត・្・ត
វត្តឯកលីផល	វ・ត・្・ត・ឯ・ក・ល・ី・ផ・ល
ប្រព្រឹត្ត	ប・្・រ・ព・្・រ・ឹ・ត・្・ត
សម្បត្តិ​	ស・ម・្・ប・ត・្・ត・ិ・​
សូមលោកមេត្តា	ស・ូ・ម・ល・ោ・ក・ម・េ・ត・្・ត・ា
ចងចិត្ត	ច・ង・ច・ិ・ត・្・ត
វត្តចែង	វ・ត・្・ត・ច・ែ・ង
មេវត្ត	ម・េ・វ・ត・្・ត
រាជសម្បត្តិ	រ・ា・ជ・ស・ម・្・ប・ត・្・ត・ិ
ចិត្តវិបរិត	ច・ិ・ត・្・ត・វ・ិ・ប・រ・ិ・ត
នគរវត្ត	ន・គ・រ・វ・ត・្・ត
ចិត្តនឹង	ច・ិ・ត・្・ត・ន・ឹ・ង
ក្នុងចិត្ត	ក・្・ន・ុ・ង・ច・ិ・ត・្・ត
ប្រព្រឹត្តិតាម	ប・្・រ・ព・្・រ・ឹ・ត・្・ត・ិ・ត・ា・ម
ចូលចិត្ត	ច・ូ・ល・ច・ិ・ត・្・ត
សំយុត្តនិកាយ	ស・ំ・យ・ុ・ត・្・ត・ន・ិ・ក・ា・យ
គុណវិបត្តិ	គ・ុ・ណ・វ・ិ・ប・ត・្・ត・ិ
អមិត្តភាព	អ・ម・ិ・ត・្・ត・ភ・ា・ព
ប្រព្រឹត្តអំពើបាប	ប・្・រ・ព・្・រ・ឹ・ត・្・ត・អ・ំ・ព・ើ・ប・ា・ប
បដិបត្តិ	ប・ដ・ិ・ប・ត・្・ត・ិ
ខ្លោចចិត្ត	ខ・្・ល・ោ・ច・ច・ិ・ត・្・ត
វត្តក្តី	វ・ត・្・ត・ក・្・ត・ី
គិតក្នុងចិត្ត	គ・ិ・ត・ក・្・ន・ុ・ង・ច・ិ・ត・្・ត
អាណត្ត	អ・ា・ណ・ត・្・ត
បែរចិត្ត	ប・ែ・រ・ច・ិ・ត・្・ត
លក្ខណសម្បត្តិ	ល・ក・្・ខ・ណ・ស・ម・្・ប・ត・្・ត・ិ
កាត់ចិត្ត	ក・ា・ត・់・ច・ិ・ត・្・ត
ពេញចិត្ត	ព・េ・ញ・ច・ិ・ត・្・ត
ឧត្តុង្គឧត្តម	ឧ・ត・្・ត・ុ・ង・្・គ・ឧ・ត・្・ត・ម
ឧត្តុង្គឧត្តម	ឧ・ត・្・ត・ុ・ង・្・គ・ឧ・ត・្・ត・ម
ក្មេងវត្ត	ក・្・ម・េ・ង・វ・ត・្・ត
ត្រូវអាបត្តិ	ត・្・រ・ូ・វ・អ・ា・ប・ត・្・ត・ិ
វត្តភ្នំ	វ・ត・្・ត・ភ・្・ន・ំ
មេត្តាប្រោស	ម・េ・ត・្・ត・ា・ប・្・រ・ោ・ស
អាណាខេត្ត	អ・ា・ណ・ា・ខ・េ・ត・្・ត
សម្បត្តិ	ស・ម・្・ប・ត・្・ត・ិ
ស្វាយឧត្តម	ស・្・វ・ា・យ・ឧ・ត・្・ត・ម
អ្នកស្ម័គ្រចិត្ត	អ・្・ន・ក・ស・្・ម・័・គ・្・រ・ច・ិ・ត・្・ត
ព្រះរាជខេត្ត	ព・្・រ・ះ・រ・ា・ជ・ខ・េ・ត・្・ត
ឧត្តរមានជ័យ	ឧ・ត・្・ត・រ・ម・ា・ន・ជ・័・យ
ធម្មយុត្ត	ធ・ម・្・ម・យ・ុ・ត・្・ត
ទួលនិមិត្ត	ទ・ួ・ល・ន・ិ・ម・ិ・ត・្・ត
សប្បាយចិត្ត	ស・ប・្・ប・ា・យ・ច・ិ・ត・្・ត
ប៉ោយវត្ត	ប・៉・ោ・យ・វ・ត・្・ត
បរិយត្តិ	ប・រ・ិ・យ・ត・្・ត・ិ
ចិត្តជឿ	ច・ិ・ត・្・ត・ជ・ឿ
វត្តកនឺ្ទ	វ・ត・្・ត・ក・ន・ឺ・្・ទ
ជ័យសម្បត្តិ	ជ・័・យ・ស・ម・្・ប・ត・្・ត・ិ
ចិត្តអាក្រក់	ច・ិ・ត・្・ត・អ・ា・ក・្・រ・ក・់
ព្រះបាទនរោត្តម	ព・្・រ・ះ・ប・ា・ទ・ន・រ・ោ・ត・្・ត・ម
និមិត្តហេតុ	ន・ិ・ម・ិ・ត・្・ត・ហ・េ・ត・ុ
មិត្តភាព	ម・ិ・ត・្・ត・ភ・ា・ព
មានចិត្តជា	ម・ា・ន・ច・ិ・ត・្・ត・ជ・ា
ថ្មីឧត្តម	ថ・្・ម・ី・ឧ・ត・្・ត・ម
គុណសម្បត្តិ	គ・ុ・ណ・ស・ម・្・ប・ត・្・ត・ិ
កែវឧត្តម	ក・ែ・វ・ឧ・ត・្・ត・ម
លះកាត់ចិត្ត	ល・ះ・ក・ា・ត・់・ច・ិ・ត・្・ត
ពិបាកចិត្ត	ព・ិ・ប・ា・ក・ច・ិ・ត・្・ត
សត្តឃាត	ស・ត・្・ត・ឃ・ា・ត
ជីវប្រវត្តិ	ជ・ី・វ・ប・្・រ・វ・ត・្・ត・ិ
គ្រងរាជសម្បត្តិ	គ・្・រ・ង・រ・ា・ជ・ស・ម・្・ប・ត・្・ត・ិ
យុត្តាធិការ	យ・ុ・ត・្・ត・ា・ធ・ិ・ក・ា・រ
មិនអស់ចិត្ត	ម・ិ・ន・អ・ស・់・ច・ិ・ត・្・ត
វត្តស្លែង	វ・ត・្・ត・ស・្・ល・ែ・ង
ចិត្តសុភាព	ច・ិ・ត・្・ត・ស・ុ・ភ・ា・ព
សាលាវត្ត	ស・ា・ល・ា・វ・ត・្・ត
ចិត្តល្អ	ច・ិ・ត・្・ត・ល・្・អ
ប្របវត្ត	ប・្・រ・ប・វ・ត・្・ត
ចិត្តច្រើន	ច・ិ・ត・្・ត・ច・្・រ・ើ・ន
សុវត្តិភាព	ស・ុ・វ・ត・្・ត・ិ・ភ・ា・ព
ទាក់ទាញចិត្ត	ទ・ា・ក・់・ទ・ា・ញ・ច・ិ・ត・្・ត
វិត្ត	វ・ិ・ត・្・ត
នីតិប្បញ្ញត្តិ	ន・ី・ត・ិ・ប・្・ប・ញ・្・ញ・ត・្・ត・ិ
ខកចិត្ត	ខ・ក・ច・ិ・ត・្・ត
ស្វ័យប្រវត្តិ	ស・្・វ・័・យ・ប・្・រ・វ・ត・្・ត・ិ
សុត្តនិបាត	ស・ុ・ត・្・ត・ន・ិ・ប・ា・ត
អស់ចិត្តអស់ថ្លើម	អ・ស・់・ច・ិ・ត・្・ត・អ・ស・់・ថ・្・ល・ើ・ម
អនោតត្ត	អ・ន・ោ・ត・ត・្・ត
ចិត្តខ្លាំង	ច・ិ・ត・្・ត・ខ・្・ល・ា・ំ・ង
ក្បត់ចិត្ត	ក・្・ប・ត・់・ច・ិ・ត・្・ត
សហប្រតិបត្តិការ	ស・ហ・ប・្・រ・ត・ិ・ប・ត・្・ត・ិ・ក・ា・រ
ឲ្យអស់ចិត្ត	ឲ・្・យ・អ・ស・់・ច・ិ・ត・្・ត
ជ័យនិវត្តន៍	ជ・័・យ・ន・ិ・វ・ត・្・ត・ន・៍
កាលានុវត្តនភាព	ក・ា・ល・ា・ន・ុ・វ・ត・្・ត・ន・ភ・ា・ព
ដឹងចិត្ត	ដ・ឹ・ង・ច・ិ・ត・្・ត
ចក្រពត្តិនិយម	ច・ក・្・រ・ព・ត・្・ត・ិ・ន・ិ・យ・ម
ផ្គាប់ចិត្ត	ផ・្・គ・ា・ប・់・ច・ិ・ត・្・ត
សុំចិត្ត	ស・ុ・ំ・ច・ិ・ត・្・ត
យកចិត្តទុកដាក់	យ・ក・ច・ិ・ត・្・ត・ទ・ុ・ក・ដ・ា・ក・់
វិបត្តិស្នេហា	វ・ិ・ប・ត・្・ត・ិ・ស・្・ន・េ・ហ・ា
ព្រឹត្តិការណ៍	ព・្・រ・ឹ・ត・្・ត・ិ・ក・ា・រ・ណ・៍
ចិត្តតិច	ច・ិ・ត・្・ត・ត・ិ・ច
វត្ត	វ・ត・្・ត
យុត្តិការ	យ・ុ・ត・្・ត・ិ・ក・ា・រ
សម្បត្តិទ្រព្យ	ស・ម・្・ប・ត・្・ត・ិ・ទ・្・រ・ព・្・យ
សមាបត្តិ	ស・ម・ា・ប・ត・្・ត・ិ
ប្រព្រឹត្តអំពើ	ប・្・រ・ព・្・រ・ឹ・ត・្・ត・អ・ំ・ព・ើ
ដាច់ចិត្ត	ដ・ា・ច・់・ច・ិ・ត・្・ត
ព្រះករុណាមេត្តា	ព・្・រ・ះ・ក・រ・ុ・ណ・ា・ម・េ・ត・្・ត・ា
ការប្រព្រឹត្តិ	ក・ា・រ・ប・្・រ・ព・្・រ・ឹ・ត・្・ត・ិ
មហាមិត្ត	ម・ហ・ា・ម・ិ・ត・្・ត
មិត្តរ៉ាច	ម・ិ・ត・្・ត・រ・៉・ា・ច
ឧត្តុង្គឧត្ដម	ឧ・ត・្・ត・ុ・ង・្・គ・ឧ・ត・្・ដ・ម
ភ្ញៀវកិត្តិយស	ភ・្・ញ・ៀ・វ・ក・ិ・ត・្・ត・ិ・យ・ស
ខត្តិយ	ខ・ត・្・ត・ិ・យ
ចំណង់ចំណូលចិត្ត	ច・ំ・ណ・ង・់・ច・ំ・ណ・ូ・ល・ច・ិ・ត・្・ត
មិត្តជិតដិត	ម・ិ・ត・្・ត・ជ・ិ・ត・ដ・ិ・ត
ច័ន្ទនិមិត្ត	ច・័・ន・្・ទ・ន・ិ・ម・ិ・ត・្・ត
សេរីភ័ត្ត	ស・េ・រ・ី・ភ・័・ត・្・ត
បទបញ្ញត្តិ	ប・ទ・ប・ញ・្・ញ・ត・្・ត・ិ
ចិត្តខឹង	ច・ិ・ត・្・ត・ខ・ឹ・ង
អត្តពលកម្ម	អ・ត・្・ត・ព・ល・ក・ម・្・ម
ជ័យឧត្តម	ជ・័・យ・ឧ・ត・្・ត・ម
មត្តេយ្យសាលា	ម・ត・្・ត・េ・យ・្・យ・ស・ា・ល・ា
វត្តស្លា	វ・ត・្・ត・ស・្・ល・ា
ព្រឹត្តិការ	ព・្・រ・ឹ・ត・្・ត・ិ・ក・ា・រ
ចិត្តបុណ្យ	ច・ិ・ត・្・ត・ប・ុ・ណ・្・យ
សម្មាបដិបត្តិ	ស・ម・្・ម・ា・ប・ដ・ិ・ប・ត・្・ត・ិ
គាប់ចិត្ត	គ・ា・ប・់・ច・ិ・ត・្・ត
ប្រព្រឹត្តិកម្ម	ប・្・រ・ព・្・រ・ឹ・ត・្・ត・ិ・ក・ម・្・ម
សេនារាជឧត្តម	ស・េ・ន・ា・រ・ា・ជ・ឧ・ត・្・ត・ម
វិមុត្តិ	វ・ិ・ម・ុ・ត・្・ត・ិ
ឃ្លាំងសម្បត្តិ	ឃ・្・ល・ា・ំ・ង・ស・ម・្・ប・ត・្・ត・ិ
អត្តចរិត	អ・ត・្・ត・ច・រ・ិ・ត
ចិត្តក្ដៅ	ច・ិ・ត・្・ត・ក・្・ដ・ៅ
ឈឺចិត្ត	ឈ・ឺ・ច・ិ・ត・្・ត
កម្សាន្តចិត្ត	ក・ម・្・ស・ា・ន・្・ត・ច・ិ・ត・្・ត
ចិត្តស្មោះ	ច・ិ・ត・្・ត・ស・្・ម・ោ・ះ
សេចក្តីសំរេចចិត្ត	ស・េ・ច・ក・្・ត・ី・ស・ំ・រ・េ・ច・ច・ិ・ត・្・ត
ទាន់ចិត្ត	ទ・ា・ន・់・ច・ិ・ត・្・ត
សម្រេចចិត្ត	ស・ម・្・រ・េ・ច・ច・ិ・ត・្・ត
ប្រព្រឹត្តិ	ប・្・រ・ព・្・រ・ឹ・ត・្・ត・ិ
បរិត្ត	ប・រ・ិ・ត・្・ត
ព្រឹត្តិបត្រ	ព・្・រ・ឹ・ត・្・ត・ិ・ប・ត・្・រ
សន្តានចិត្ត	ស・ន・្・ត・ា・ន・ច・ិ・ត・្・ត
ចិត្តត្រង់	ច・ិ・ត・្・ត・ត・្・រ・ង・់
សុបិននិមិត្ត	ស・ុ・ប・ិ・ន・ន・ិ・ម・ិ・ត・្・ត
ឥន្ទបត្ត	ឥ・ន・្・ទ・ប・ត・្・ត
ចិត្តអាណិតអាសូរ	ច・ិ・ត・្・ត・អ・ា・ណ・ិ・ត・អ・ា・ស・ូ・រ
អាណត្តិ	អ・ា・ណ・ត・្・ត・ិ
ទុកចិត្ត	ទ・ុ・ក・ច・ិ・ត・្・ត
វិវត្តន៍	វ・ិ・វ・ត・្・ត・ន・៍
មេត្តាធម៌	ម・េ・ត・្・ត・ា・ធ・ម・៌
ជំរុញលើកទឹកចិត្ត	ជ・ំ・រ・ុ・ញ・ល・ើ・ក・ទ・ឹ・ក・ច・ិ・ត・្・ត
មនុស្សចិត្ត	ម・ន・ុ・ស・្・ស・ច・ិ・ត・្・ត
ក្រោយវត្ត	ក・្・រ・ោ・យ・វ・ត・្・ត
ឧត្តម	ឧ・ត・្・ត・ម
វត្តពោធិ៍	វ・ត・្・ត・ព・ោ・ធ・ិ・៍
សុត្តន្តបិដក	ស・ុ・ត・្・ត・ន・្・ត・ប・ិ・ដ・ក
ជើងវត្ត	ជ・ើ・ង・វ・ត・្・ត
វត្តតាមិម	វ・ត・្・ត・ត・ា・ម・ិ・ម
និរោធសមាបត្តិ	ន・ិ・រ・ោ・ធ・ស・ម・ា・ប・ត・្・ត・ិ
គួរទុកចិត្ត	គ・ួ・រ・ទ・ុ・ក・ច・ិ・ត・្・ត
បានចិត្ត	ប・ា・ន・ច・ិ・ត・្・ត
កិច្ចប្រតិបត្តិ	ក・ិ・ច・្・ច・ប・្・រ・ត・ិ・ប・ត・្・ត・ិ
ប្រវត្តិ	ប・្・រ・វ・ត・្・ត・ិ
តូចចិត្ត	ត・ូ・ច・ច・ិ・ត・្・ត
វត្តត្រាច	វ・ត・្・ត・ត・្・រ・ា・ច
